title,author,genre,rating,price,year,pages,reviews,amazon_year,Language,Categories,Total Pages
First 100 Words: A Padded Board Book,Roger Priddy,Vocabulary & Spelling,4.7,3..88,2011,24,"38,701 ratings",2015,en,Juvenile Nonfiction,
The Life-Changing Magic of Tidying Up: The Japanese Art of Decluttering and Organizing,Marie Kondō,"Cleaning, Caretaking & Relocating",4.5,9..42,2017,224,"59,251 ratings",2015,en,House & Home,
Laugh-Out-Loud Jokes for Kids,Rob Elliott,Humorous,4.6,4..64,2022,128,"12,125 ratings",2015,en,Juvenile Nonfiction,
Secret Garden: An Inky Treasure Hunt and Coloring Book for Adults,Johanna Basford,Use of Color,4.7,10..18,2013,96,"15,936 ratings",2015,en,Art,
StrengthsFinder 2.0,Gallup,Management,4.1,28..52,2007,175,"8,423 ratings",2015,es,Business & Economics,
Go Set a Watchman: A Novel,Harper Lee,Cultural Heritage,3.8,12..95,2018,288,"54,069 ratings",2015,en,Fiction,
"Enchanted Forest: An Inky Quest and Coloring book (Activity Books, Mindfulness and Meditation, Illustrated Floral Prints)",Johanna Basford,Coloring Books,4.8,14..19,2015,84,"8,419 ratings",2015,en,Art,
All the Light We Cannot See,Anthony Doerr,World War II & Holocaust,4.5,12..93,2014,531,"232,435 ratings",2015,en,Fiction,
The Girl on the Train,Paula Hawkins,Suspense,4.1,12..20,2014,336,"494,411 ratings",2015,en,Alcoholics,
Adult Coloring Book: Stress Relieving Patterns,Blue Star Coloring,Use of Color,4.5,9..95,2015,96,"4,363 ratings",2015,en,Art,
Diary of a Wimpy Kid #10: Old School,Jeff Kinney,School,4.7,8..60,2002,224,"33,748 ratings",2015,en,Non Fiction,
To Kill a Mockingbird,Harper Lee,Classics,4.7,21..68,1960,384,"141,123 ratings",2015,en,Fiction,
Adult Coloring Book: Stress Relieving Animal Designs,Blue Star Coloring,Use of Color,4.6,9..95,2021,136,"4,001 ratings",2015,en,Art,
"Adult Coloring Books: A Coloring Book for Adults Featuring Mandalas and Henna Inspired Flowers, Animals, and Paisley Patterns",Coloring Books for Adults,Animals,4.5,8..99,2015,98,"3,203 ratings",2015,en,Games,
Humans of New York : Stories,Brandon Stanton,Cities,4.8,14..24,2015,432,"5,437 ratings",2015,en,Photography,
The Martian,Andy Weir,"Mystery, Thriller & Suspense",4.6,8..99,1950,387,"176,360 ratings",2015,en,Astronauts,
"Oh, the Places You'll Go!",Dr. Seuss,Classics,4.9,8..48,1990,56,"52,232 ratings",2015,en,Juvenile Fiction,
Knock-Knock Jokes for Kids: Knock-Knock Jokes for Kids (Joke Book & Gift Idea for Children Ages 6-12. Doubles as a Dad Jokes book for Father's Day and Birthdays),Rob Elliott,Questions & Answers,4.5,4..64,2021,128,"6,123 ratings",2015,en,Knock-knock jokes,
Dear Zoo: A Lift-the-Flap Book,Rod Campbell,Zoos,4.8,4..84,1725,18,"31,173 ratings",2015,en,Juvenile Nonfiction,
The Day the Crayons Quit,Drew Daywalt,Fiction,4.8,9..50,2013,40,"24,358 ratings",2015,en,Juvenile Fiction,
The Boys in the Boat: Nine Americans and Their Epic Quest for Gold at the 1936 Berlin Olympics,Daniel James Brown,State & Local,4.6,10..60,2019,404,"91,163 ratings",2015,en,Sports & Recreation,
"Jesus Calling, Padded Hardcover, with Scripture References: Enjoying Peace in His Presence (A 365-Day Devotional)",Sarah Young,New Testament,4.9,9..09,2004,416,"41,717 ratings",2015,en,Religion,
Mindset: The New Psychology of Success,Carol S. Dweck,Personal Finance,4.6,10..65,2021,320,"22,371 ratings",2015,en,Non Fiction,
"Grey: Fifty Shades of Grey as Told by Christian (Fifty Shades of Grey Series, 4)",E L James,Contemporary,4.5,12..12,2015,640,"118,522 ratings",2015,en,Fiction,
Creative Haven Creative Cats Coloring Book (Adult Coloring Books: Pets),Marjorie Sarnat,Use of Color,4.8,6..50,2015,64,"5,290 ratings",2015,en,Art,
How to Win Friends & Influence People (Dale Carnegie Books),Dale Carnegie,Unknown,4.7,9..99,1913,320,"34,768 ratings",2015,en,Self-Help,
The 5 Love Languages: The Secret to Love that Lasts,Gary Chapman,Love & Romance,4.8,7..88,2016,224,"93,996 ratings",2015,en,Family & Relationships,
Balance (Angie’s Extreme Stress Menders),Angie Grace,Papercrafts,4.6,11..95,2015,103,"2,295 ratings",2015,en,Crafts & Hobbies,
Creative Haven Owls Coloring Book (Adult Coloring Books: Animals),Marjorie Sarnat,Use of Color,4.7,5..38,2015,64,"5,375 ratings",2015,en,Art,
Thug Kitchen: The Official Cookbook: Eat Like You Give a F*ck (Thug Kitchen Cookbooks),Thug Kitchen,Vegan,4.6,15..89,2014,240,"15,131 ratings",2015,en,Cooking,
The Great Gatsby: The Only Authorized Edition,F. Scott Fitzgerald,Censorship,4.4,8..41,2004,180,"17,859 ratings",2015,en,Fiction,
Lost Ocean: An Inky Adventure and Coloring Book for Adults,Johanna Basford,Art,4.7,9..19,2015,80,"8,737 ratings",2015,en,Art,
"The Five Dysfunctions of a Team: A Leadership Fable, 20th Anniversary Edition",Patrick M. Lencioni,Decision-Making & Problem Solving,4.6,9..82,2002,256,"13,786 ratings",2015,en,Business & Economics,
The Official SAT Study Guide,The College Board,SAT,4.4,39..22,2004,997,"1,580 ratings",2015,en,Study Aids,
10-Day Green Smoothie Cleanse,JJ Smith,Weight Loss,4.7,9..58,2014,192,"38,364 ratings",2015,en,Cooking,
The Gifts of Imperfection: Let Go of Who You Think You're Supposed to Be and Embrace Who You Are,Brené Brown,Creativity,4.7,8..71,2019,160,"42,847 ratings",2015,en,Non Fiction,
Chicka Chicka Boom Boom (Board Book),Bill Martin Jr.,Beginner Readers,4.9,4..30,2012,36,"40,253 ratings",2015,en,Juvenile Fiction,
The Day the Crayons Came Home,Drew Daywalt,Fantasy & Magic,4.8,11..36,2001,48,"6,213 ratings",2015,en,Fiction,
What If?: Serious Scientific Answers to Absurd Hypothetical Questions,Randall Munroe,Science & Scientists,4.6,14..57,2014,352,"18,595 ratings",2015,en,Humor,
Paper Towns,John Green,Friendship,4.2,8..24,2008,305,"35,855 ratings",2015,en,Young Adult Fiction,
"Unbroken: A World War II Story of Survival, Resilience, and Redemption",Laura Hillenbrand,Unknown,4.7,9..48,2014,528,"76,515 ratings",2015,en,Biography & Autobiography,
Get What's Yours: The Secrets to Maxing Out Your Social Security (The Get What's Yours Series),Laurence J. Kotlikoff,Budgeting & Money Management,4.2,12..12,2015,336,"3,619 ratings",2015,en,Business & Economics,
"Magnus Chase and the Gods of Asgard, Book 1: The Sword of Summer",Rick Riordan,Norse,4.6,11..46,2015,512,"24,979 ratings",2015,en, Juvenile Fiction,
Dragons Love Tacos,Adam Rubin,"Dragons, Unicorns & Mythical",4.8,9..95,2012,40,"20,113 ratings",2015,en,Juvenile Fiction,
Fahrenheit 451,Ray Bradbury,Censorship,4.6,9..05,1953,249,"55,135 ratings",2015,es,Comics & Graphic Novels,
"The Care and Keeping of You: The Body Book for Younger Girls, Revised Edition (American Girl® Wellbeing)",Valorie Schaefer,Personal Hygiene,4.8,12..99,2012,104,"26,974 ratings",2015,en,Juvenile Nonfiction,
Potty (Leslie Patricelli Board Books),Leslie Patricelli,New Experiences,4.7,8..36,2016,28,"14,178 ratings",2015,en,Juvenile Fiction,
Thing Explainer: Complicated Stuff in Simple Words,Randall Munroe,Patents & Inventions,4.6,14..89,2015,64,"4,752 ratings",2015,en,Comics & Graphic Novels,
Dead Wake: The Last Crossing of the Lusitania,Erik Larson,History,4.4,14..68,2015,430,"32,971 ratings",2015,en,History,
The Going To Bed Book,Sandra Boynton,Counting,4.8,3..86,1982,16,"18,895 ratings",2015,en,Juvenile Fiction,
"Inspiralized: Turn Vegetables into Healthy, Creative, Satisfying Meals: A Cookbook",Ali Maffucci,Green Housecleaning,4.4,13..27,2015,224,"3,888 ratings",2015,en,Cooking,
Mystical Mandala Coloring Book (Dover Mandala Coloring Books),Alberta Hutchinson,Coloring Books,4.5,3..99,2007,32,"3,053 ratings",2015,en,Art,
Ultimate Sticker Book: Frozen: More Than 60 Reusable Full-Color Stickers,DK,Girls & Women,4.6,5..88,2013,16,"5,107 ratings",2015,,Non Fiction,
The 20/20 Diet: Turn Your Weight Loss Vision Into Reality,Phil McGraw,Weight Loss,4.0,11..71,2015,338,"9,007 ratings",2015,en,Health & Fitness,
Night,Elie Wiesel,Holocaust,4.7,7..93,1734,120,"21,793 ratings",2015,en,Biography & Autobiography,
What to Expect When You're Expecting,Heidi Eisenberg Murkoff,Pregnancy & Childbirth,4.5,19..76,2008,614,"2,107 ratings",2015,en,Health & Fitness,
The Jesus Storybook Bible: Every Story Whispers His Name,Sally Lloyd-Jones,Christian,4.9,13..76,2012,352,"13,606 ratings",2015,en,Juvenile Nonfiction,
The Road to Character,David Brooks,Ethics & Morality,4.3,14..78,2015,320,"6,379 ratings",2015,en,Self-Help,
Where Is Baby's Belly Button? A Lift-the-Flap Book,Karen Katz,Anatomy & Physiology,4.8,5..57,2000,14,"14,520 ratings",2015,en,Games,
The Alchemist: A Modern Classic of Magic and Mysticism (Perennial Classics),Paulo Coelho,Historical,4.6,7..85,2014,208,"166,954 ratings",2015,en,Fiction,
"Harry Potter and the Cursed Child, Parts 1 & 2, Special Rehearsal Edition Script",J.K. Rowling,Fantasy & Magic,4.3,12..86,2016,320,"106,742 ratings",2016,en,Fiction,
StrengthsFinder 2.0,Gallup,Management,4.1,28..52,2007,175,"8,423 ratings",2016,es,Business & Economics,
First 100 Words: A Padded Board Book,Roger Priddy,Vocabulary & Spelling,4.7,3..88,2011,24,"38,701 ratings",2016,en,Juvenile Nonfiction,
The Life-Changing Magic of Tidying Up: The Japanese Art of Decluttering and Organizing,Marie Kondō,"Cleaning, Caretaking & Relocating",4.5,9..42,2017,224,"59,251 ratings",2016,en,House & Home,
"Oh, the Places You'll Go!",Dr. Seuss,Classics,4.9,8..48,1990,56,"52,232 ratings",2016,en,Juvenile Fiction,
Diary of a Wimpy Kid #11: Double Down,Jeff Kinney,Friendship,4.7,13..95,2002,224,"30,605 ratings",2016,en,Juvenile Fiction,
When Breath Becomes Air,Paul Kalanithi,General Surgery,4.7,15..54,2016,228,"109,628 ratings",2016,en,Biography & Autobiography,
Giraffes Can't Dance,Giles Andreae,Dance,4.8,6..50,1999,32,"29,657 ratings",2016,en,Juvenile Fiction,
The 5 Love Languages: The Secret to Love that Lasts,Gary Chapman,Love & Romance,4.8,7..88,2016,224,"93,996 ratings",2016,en,Family & Relationships,
The Whole30: The 30-Day Guide to Total Health and Food Freedom,Melissa Hartwig Urban,Reference,4.6,16..51,2015,432,"16,802 ratings",2016,en,Non Fiction,
A Man Called Ove: A Novel,Fredrik Backman,Friendship,4.6,8..93,2018,368,"197,871 ratings",2016,en,Fiction,
Killing the Rising Sun: How America Vanquished World War II Japan (Bill O'Reilly's Killing Series),Bill O'Reilly,United States,4.6,12..66,2016,336,"21,570 ratings",2016,en,History,
How to Win Friends & Influence People (Dale Carnegie Books),Dale Carnegie,Unknown,4.7,9..99,1913,320,"34,768 ratings",2016,en,Self-Help,
The Magnolia Story,Chip Gaines,Family & Relationships,4.7,11..00,2016,208,"21,941 ratings",2016,en,Biography & Autobiography,
Laugh-Out-Loud Jokes for Kids,Rob Elliott,Humorous,4.6,4..64,2022,128,"12,125 ratings",2016,en,Juvenile Nonfiction,
To Kill a Mockingbird,Harper Lee,Classics,4.7,21..68,1960,384,"141,123 ratings",2016,en,Fiction,
Hillbilly Elegy: A Memoir of a Family and Culture in Crisis,J. D. Vance,State & Local,4.4,12..26,2017,272,"120,339 ratings",2016,en,Social Science,
Fantastic Beasts and Where to Find Them: The Original Screenplay (Harry Potter),J.K. Rowling,Film,4.6,11..63,2016,304,"15,873 ratings",2016,en,Performing Arts,
Hamilton: The Revolution,Lin-Manuel Miranda,Broadway & Musicals,4.9,23..38,2021,288,"14,573 ratings",2016,en,Performing Arts,
The Girl on the Train,Paula Hawkins,Suspense,4.1,9..07,2014,336,"494,411 ratings",2016,en,Alcoholics,
Mindset: The New Psychology of Success,Carol S. Dweck,Personal Finance,4.6,10..65,2021,320,"22,371 ratings",2016,en,Non Fiction,
"The Official SAT Study Guide, 2016 Edition",The College Board,SAT,4.4,8..84,2015,792,"1,123 ratings",2016,en,Study Aids,
"Adult Coloring Book Designs: Stress Relief Coloring Book: Garden Designs, Mandalas, Animals, and Paisley Patterns",Adult Coloring Book Designs,Animals,4.5,8..99,2015,98,"3,169 ratings",2016,en,Art,
The Four Agreements: A Practical Guide to Personal Freedom (A Toltec Wisdom Book),Don Miguel Ruiz,Personal Transformation,4.7,7..05,1997,160,"117,067 ratings",2016,en,Self-Help,
Milk and Honey,Rupi Kaur,Religious,4.7,7..83,2014,208,"63,943 ratings",2016,en,"Body, Mind & Spirit",
The Going To Bed Book,Sandra Boynton,Counting,4.8,3..86,1982,16,"18,895 ratings",2016,en,Juvenile Fiction,
Born to Run,Bruce Springsteen,Rock,4.6,13..10,2009,528,"13,344 ratings",2016,en,Biography & Autobiography,
Alexander Hamilton,Ron Chernow,United States,4.7,12..12,2004,818,"32,398 ratings",2016,pt-BR,Biography & Autobiography,
The Very Hungry Caterpillar,Eric Carle,Counting,4.9,5..75,1969,26,"76,710 ratings",2016,en,Juvenile Fiction,
The 7 Habits of Highly Effective People: Powerful Lessons in Personal Change,Stephen R. Covey,Leadership & Motivation,4.7,19..98,2019,432,"9,508 ratings",2016,en,Self-Help,
Fahrenheit 451,Ray Bradbury,Censorship,4.6,9..05,1953,249,"55,135 ratings",2016,es,Comics & Graphic Novels,
Love You Forever,Robert Munsch,Classics,4.9,4..98,1986,32,"65,378 ratings",2016,en,Juvenile Nonfiction,
The Great Gatsby: The Only Authorized Edition,F. Scott Fitzgerald,Censorship,4.4,8..41,2004,180,"17,859 ratings",2016,en,Fiction,
"The Five Dysfunctions of a Team: A Leadership Fable, 20th Anniversary Edition",Patrick M. Lencioni,Decision-Making & Problem Solving,4.6,9..82,2002,256,"13,786 ratings",2016,en,Business & Economics,
All the Light We Cannot See,Anthony Doerr,World War II & Holocaust,4.5,12..93,2014,531,"232,435 ratings",2016,en,Fiction,
"Brown Bear, Brown Bear, What Do You See?",Bill Martin Jr.,Colors,4.9,5..36,1967,24,"54,421 ratings",2016,en,Juvenile Fiction,
The Alchemist: A Modern Classic of Magic and Mysticism (Perennial Classics),Paulo Coelho,Historical,4.6,7..85,2014,208,"166,954 ratings",2016,en,Fiction,
"Fervent: A Woman's Battle Plan to Serious, Specific and Strategic Prayer",Priscilla Shirer,Guides,4.9,9..36,2015,208,"11,737 ratings",2016,en,Religion,
The Whistler,John Grisham,Political,4.3,15..68,2016,384,"111,826 ratings",2016,es,Fiction,
If Animals Kissed Good Night,Ann Whitford Paul,Parents,4.8,4..23,2009,34,"75,556 ratings",2016,en,Non Fiction,
Cooking for Jeffrey: A Barefoot Contessa Cookbook,Ina Garten,Cooking for One or Two,4.7,17..50,2016,256,"2,734 ratings",2016,en,Cooking,
"The Trials of Apollo, Book 1: The Hidden Oracle",Rick Riordan,Greek & Roman,4.6,10..79,2016,384,"24,260 ratings",2016,id, Juvenile Fiction,
Knock-Knock Jokes for Kids: Knock-Knock Jokes for Kids (Joke Book & Gift Idea for Children Ages 6-12. Doubles as a Dad Jokes book for Father's Day and Birthdays),Rob Elliott,Questions & Answers,4.5,4..64,2021,128,"6,123 ratings",2016,en,Knock-knock jokes,
Puppy Birthday to You! (Paw Patrol) (Little Golden Book),Tex Huntley,Dogs,4.8,3..98,2015,24,"14,559 ratings",2016,en,Juvenile Fiction,
The Gifts of Imperfection: Let Go of Who You Think You're Supposed to Be and Embrace Who You Are,Brené Brown,Creativity,4.7,8..71,2019,160,"42,847 ratings",2016,en,Non Fiction,
"Crisis of Character: A White House Secret Service Officer Discloses His Firsthand Experience with Hillary, Bill, and How They Operate",Gary J. Byrne,Executive Branch,4.1,11..42,2016,304,"13,627 ratings",2016,en,Political Science,
First 100 Animals,Roger Priddy,Sense & Sensation,4.8,5..57,2014,24,"10,431 ratings",2016,en,Juvenile Nonfiction,
"Adult Coloring Books: A Coloring Book for Adults Featuring Mandalas and Henna Inspired Flowers, Animals, and Paisley Patterns",Coloring Books for Adults,Animals,4.5,8..99,2015,98,"3,203 ratings",2016,en,Games,
Goodnight Moon,Margaret Wise Brown,Rabbits,4.9,6..48,1947,30,"30,382 ratings",2016,en,Fiction,
"Daring Greatly: How the Courage to Be Vulnerable Transforms the Way We Live, Love, Parent, and Lead",Brené Brown,Interpersonal Relations,4.7,9..12,2013,320,"30,615 ratings",2016,en,Business & Economics,
Miss Peregrine's Home for Peculiar Children (Miss Peregrine's Peculiar Children),Ransom Riggs,Mystery & Thriller,4.3,7..44,2011,382,"37,443 ratings",2016,en,Young Adult Fiction,
Grit: The Power of Passion and Perseverance,Angela Duckworth,Applied Psychology,4.6,15..01,2018,352,"19,849 ratings",2016,en,Business & Economics,
Emotional Intelligence 2.0,Jean Greaves,Interpersonal Relations,4.5,14..98,2009,280,"13,782 ratings",2016,en,Business & Economics,
The Underground Railroad (Pulitzer Prize Winner) (National Book Award Winner) (Oprah's Book Club): A Novel,Colson Whitehead,Historical,4.4,12..09,2016,320,"69,239 ratings",2016,en,Fiction,
The Outsiders,S. E. Hinton,Siblings,4.7,9..74,1967,224,"39,114 ratings",2016,en,Juvenile Fiction,
The Food Lab: Better Home Cooking Through Science,J. Kenji López-Alt,"Cookbooks, Food & Wine",4.9,33..37,2015,958,"10,764 ratings",2016,en,Cooking,
Me Before You: A Novel (Movie Tie-In),Jojo Moyes,Family Life,4.6,16..41,2016,448,"1,259 ratings",2016,en,Fiction,
Chicka Chicka Boom Boom (Board Book),Bill Martin Jr.,Beginner Readers,4.9,4..30,2012,36,"40,253 ratings",2016,en,Juvenile Fiction,
"The Care and Keeping of You: The Body Book for Younger Girls, Revised Edition (American Girl® Wellbeing)",Valorie Schaefer,Personal Hygiene,4.8,12..99,2012,104,"26,974 ratings",2016,en,Juvenile Nonfiction,
Potty (Leslie Patricelli Board Books),Leslie Patricelli,New Experiences,4.7,8..36,2016,28,"14,178 ratings",2016,en,Juvenile Fiction,
Wonder,R. J. Palacio,Unknown,4.8,11..41,1899,320,"67,127 ratings",2017,en,Juvenile Fiction,
Milk and Honey,Rupi Kaur,Religious,4.7,7..83,2014,208,"63,943 ratings",2017,en,"Body, Mind & Spirit",
Giraffes Can't Dance,Giles Andreae,Dance,4.8,6..50,1999,32,"29,657 ratings",2017,en,Juvenile Fiction,
The Subtle Art of Not Giving a F*ck: A Counterintuitive Approach to Living a Good Life,Mark Manson,Happiness,4.5,10..05,2016,224,"151,837 ratings",2017,en,Self-Help,
The Getaway (Diary of a Wimpy Kid),Jeff Kinney,Family Life,4.7,12..47,2017,224,"32,378 ratings",2017,en,Fiction,
The Instant Pot Electric Pressure Cooker Cookbook: Easy Recipes for Fast & Healthy Meals,Laurel Randolph,Poultry,4.4,7..85,2016,176,"13,425 ratings",2017,en,Cooking,
Hillbilly Elegy: A Memoir of a Family and Culture in Crisis,J. D. Vance,State & Local,4.4,12..26,2017,272,"120,339 ratings",2017,en,Social Science,
Astrophysics for People in a Hurry,Neil deGrasse Tyson,Astrophysics & Space Science,4.6,10..79,2017,224,"36,972 ratings",2017,en,Science,
First 100 Words: A Padded Board Book,Roger Priddy,Vocabulary & Spelling,4.7,3..88,2011,24,"38,701 ratings",2017,en,Juvenile Nonfiction,
The Whole30: The 30-Day Guide to Total Health and Food Freedom,Melissa Hartwig Urban,Reference,4.6,16..51,2015,432,"16,802 ratings",2017,en,Non Fiction,
The Handmaid's Tale,Margaret Atwood,Censorship,4.3,8..95,1985,311,"165,774 ratings",2017,en,Fiction,
The 5 Love Languages: The Secret to Love that Lasts,Gary Chapman,Love & Romance,4.8,7..88,2016,224,"93,996 ratings",2017,en,Family & Relationships,
You Are a Badass: How to Stop Doubting Your Greatness and Start Living an Awesome Life,Jen Sincero,Happiness,4.7,9..35,2021,272,"47,166 ratings",2017,en,Self-Help,
What Happened,Hillary Rodham Clinton,Civics & Citizenship,4.5,13..69,2009,512,"11,185 ratings",2017,en,Biography & Autobiography,
"Oh, the Places You'll Go!",Dr. Seuss,Classics,4.9,8..48,1990,56,"52,232 ratings",2017,en,Juvenile Fiction,
Make Your Bed: Little Things That Can Change Your Life...And Maybe the World,Admiral William H. McRaven,Happiness,4.7,11..43,2019,144,"47,845 ratings",2017,en,Self-Help,
1984: 75th Anniversary,George Orwell,Censorship,4.6,9..78,1984,328,"117,023 ratings",2017,en,Fiction,
How to Win Friends & Influence People (Dale Carnegie Books),Dale Carnegie,Unknown,4.7,9..99,1913,320,"34,768 ratings",2017,en,Self-Help,
Origin: A Novel (Robert Langdon),Dan Brown,Crime,4.3,21..98,2017,480,"140,475 ratings",2017,en,Fiction,
A Man Called Ove: A Novel,Fredrik Backman,Friendship,4.6,8..93,2018,368,"197,871 ratings",2017,en,Fiction,
The Sun and Her Flowers,Rupi Kaur,Canadian,4.7,8..36,2017,256,"23,288 ratings",2017,en,Poetry,
Dear Zoo: A Lift-the-Flap Book,Rod Campbell,Zoos,4.8,4..84,1725,18,"31,173 ratings",2017,en,Juvenile Nonfiction,
The Four Agreements: A Practical Guide to Personal Freedom (A Toltec Wisdom Book),Don Miguel Ruiz,Personal Transformation,4.7,7..05,1997,160,"117,067 ratings",2017,en,Self-Help,
The Going To Bed Book,Sandra Boynton,Counting,4.8,3..86,1982,16,"18,895 ratings",2017,en,Juvenile Fiction,
StrengthsFinder 2.0,Gallup,Management,4.1,28..52,2007,175,"8,423 ratings",2017,es,Business & Economics,
The Wonderful Things You Will Be,Emily Winfield Martin,New Baby,4.9,10..71,2015,36,"31,479 ratings",2017,en,Juvenile Fiction,
The Shack: Where Tragedy Confronts Eternity,William P. Young,Mystery & Suspense,4.6,10..62,2007,256,"41,658 ratings",2017,en,Fiction,
The Life-Changing Magic of Tidying Up: The Japanese Art of Decluttering and Organizing,Marie Kondō,"Cleaning, Caretaking & Relocating",4.5,9..42,2017,224,"59,251 ratings",2017,en,House & Home,
"Option B: Facing Adversity, Building Resilience, and Finding Joy",Sheryl Sandberg,Grief & Bereavement,4.4,16..21,2017,240,"7,924 ratings",2017,en,Biography & Autobiography,
Thug Kitchen: The Official Cookbook: Eat Like You Give a F*ck (Thug Kitchen Cookbooks),Thug Kitchen,Vegan,4.6,15..89,2014,240,"15,131 ratings",2017,en,Cooking,
"The Care and Keeping of You: The Body Book for Younger Girls, Revised Edition (American Girl® Wellbeing)",Valorie Schaefer,Personal Hygiene,4.8,12..99,2012,104,"26,974 ratings",2017,en,Juvenile Nonfiction,
"Uninvited: Living Loved When You Feel Less Than, Left Out, and Lonely",Lysa TerKeurst,Women's Issues,4.7,8..43,2017,288,"12,169 ratings",2017,en,Religion,
Big Little Lies,Liane Moriarty,Murder,4.4,9..99,2014,512,"161,769 ratings",2017,es,Divorce,
The Official SAT Study Guide,The College Board,SAT,4.5,12..20,2004,1280,"2,461 ratings",2017,en,Study Aids,
The Whole30 Cookbook: 150 Delicious and Totally Compliant Recipes to Help You Succeed with the Whole30 and Beyond,Melissa Hartwig Urban,Organic,4.6,13..98,2016,320,"2,969 ratings",2017,en,Cooking,
"Thinking, Fast and Slow",Daniel Kahneman,Decision-Making & Problem Solving,4.6,13..55,2011,512,"45,963 ratings",2017,en,Psychology,
"Jesus Calling, Padded Hardcover, with Scripture References: Enjoying Peace in His Presence (A 365-Day Devotional)",Sarah Young,New Testament,4.9,9..09,2004,416,"41,717 ratings",2017,en,Religion,
What to Expect When You're Expecting: (Updated in 2024),Heidi Murkoff,Pregnancy & Childbirth,4.8,10..73,2016,656,"29,479 ratings",2017,en,Health & Fitness,
The Glass Castle: A Memoir (book),Jeannette Walls,Authors,4.6,9..99,2006,288,"45,131 ratings",2017,en,Biography & Autobiography,
The Great Gatsby: The Only Authorized Edition,F. Scott Fitzgerald,Censorship,4.4,8..41,2004,180,"17,859 ratings",2017,en,Fiction,
The Wisdom of Sundays: Life-Changing Insights from Super Soul Conversations,Oprah Winfrey,Mental & Spiritual Healing,4.6,14..37,2017,240,"3,034 ratings",2017,en,Self-Help,
P is for Potty! (Sesame Street) (Lift-the-Flap),Naomi Kleinberg,Toilet Training,4.7,6..36,2014,12,"32,254 ratings",2017,en,Juvenile Fiction,
The Rooster Bar,John Grisham,Political,4.0,11..71,2017,368,"57,506 ratings",2017,id,Family & Relationships,
The Giving Tree,Shel Silverstein,Poetry,4.8,9..51,1964,64,"35,260 ratings",2017,en,Children's stories,
She Persisted: 13 American Women Who Changed the World,Chelsea Clinton,Girls & Women,4.8,9..77,2017,32,"3,228 ratings",2017,es,Non Fiction,
On Tyranny: Twenty Lessons from the Twentieth Century,Timothy Snyder,Democracy,4.7,7..31,2018,128,"32,667 ratings",2017,en,Political Science,
The Alchemist: A Modern Classic of Magic and Mysticism (Perennial Classics),Paulo Coelho,Historical,4.6,7..85,2014,208,"166,954 ratings",2017,en,Fiction,
Fahrenheit 451,Ray Bradbury,Censorship,4.6,9..05,1953,249,"55,135 ratings",2017,es,Comics & Graphic Novels,
Camino Island: A Novel,John Grisham,Legal,4.2,12..24,2017,304,"89,734 ratings",2017,en,Fiction,
Turtles All the Way Down,John Green,Depression & Mental Health,4.4,8..52,2017,304,"26,353 ratings",2017,en,Young Adult Fiction,
The Gifts of Imperfection: Let Go of Who You Think You're Supposed to Be and Embrace Who You Are,Brené Brown,Creativity,4.7,8..71,2019,160,"42,847 ratings",2017,en,Non Fiction,
Love You Forever,Robert Munsch,Classics,4.9,4..98,1986,32,"65,378 ratings",2017,en,Juvenile Nonfiction,
"The Pioneer Woman Cooks―Come and Get It!: Simple, Scrumptious Recipes for Crazy Busy Lives",Ree Drummond,Reference,4.8,17..00,2017,400,"5,135 ratings",2017,en,Non Fiction,
Mindset: The New Psychology of Success,Carol S. Dweck,Personal Finance,4.6,10..65,2021,320,"22,371 ratings",2017,en,Non Fiction,
Where Is Baby's Belly Button? A Lift-the-Flap Book,Karen Katz,Anatomy & Physiology,4.8,5..57,2000,14,"14,520 ratings",2017,en,Games,
Grant,Ron Chernow,American Civil War,4.8,17..00,1905,1104,"14,412 ratings",2017,en,Biography & Autobiography,
Sapiens: A Brief History of Humankind,Yuval Noah Harari,Military,4.6,14..76,2020,464,"142,955 ratings",2017,en,Comics & Graphic Novels,
The Intelligent Investor Rev Ed.: The Definitive Book on Value Investing,Benjamin Graham,Introduction,4.7,20..70,2006,640,"48,350 ratings",2017,en,Business & Economics,
"The Plant Paradox: The Hidden Dangers in ""Healthy"" Foods That Cause Disease and Weight Gain (The Plant Paradox, 1)",Dr. Steven R Gundry  MD,Weight Loss,4.4,15..66,2017,416,"16,909 ratings",2017,en,Health & Fitness,
Becoming,Michelle Obama,Black & African American,4.8,18..70,2016,448,"204,693 ratings",2018,id,Biography & Autobiography,
"Girl, Wash Your Face: Stop Believing the Lies About Who You Are So You Can Become Who You Were Meant to Be",Rachel Hollis,Faith,4.5,12..58,2018,240,"41,351 ratings",2018,en,Non Fiction,
The Wonky Donkey,Craig Smith,Farm Animals,4.8,5..28,2010,24,"85,164 ratings",2018,en,Animals,
Fire and Fury: Inside the Trump White House,Michael Wolff,U.S. Presidents,4.0,5..99,2018,321,"48,821 ratings",2018,en,Political Science,
Fear: Trump in the White House,Bob Woodward,U.S. Presidents,4.4,19..32,2018,448,"19,523 ratings",2018,en,Political Science,
Last Week Tonight with John Oliver Presents: A Day in the Life of Marlon Bundo (HBO),Jill Twiss,Marriage & Divorce,4.9,11..05,2018,40,"16,711 ratings",2018,,Non Fiction,
12 Rules for Life: An Antidote to Chaos,Jordan B. Peterson,Applied Psychology,4.7,14..08,2018,409,"82,468 ratings",2018,en,Psychology,
Magnolia Table,Joanna Gaines,Southern,4.8,20..95,2020,336,"35,774 ratings",2018,en,Fiction,
Whose Boat Is This Boat?: Comments That Don't Help in the Aftermath of a Hurricane,The Staff of The Late Show with Stephen Colbert,Parodies,4.6,11..75,2018,24,"10,547 ratings",2018,en,Humor,
The Subtle Art of Not Giving a F*ck: A Counterintuitive Approach to Living a Good Life,Mark Manson,Happiness,4.5,10..05,2016,224,"151,837 ratings",2018,en,Self-Help,
"A Higher Loyalty: Truth, Lies, and Leadership",James Comey,National,4.6,12..99,2018,312,"17,467 ratings",2018,en,Biography & Autobiography,
The Complete Ketogenic Diet for Beginners: Your Essential Guide to Living the Keto Lifestyle,Amy Ramos,Low Carbohydrate,4.2,6..30,2016,158,"27,571 ratings",2018,en,Cooking,
Diary of a Wimpy Kid #13: Meltdown,Jeff Kinney,Literature & Fiction,4.8,10..75,2002,224,"32,941 ratings",2018,en,Juvenile Fiction,
The 5 Love Languages: The Secret to Love that Lasts,Gary Chapman,Love & Romance,4.8,7..88,2016,224,"93,996 ratings",2018,en,Family & Relationships,
First 100 Words: A Padded Board Book,Roger Priddy,Vocabulary & Spelling,4.7,3..88,2011,24,"38,701 ratings",2018,en,Juvenile Nonfiction,
Dog Man: Lord of the Fleas: From the Creator of Captain Underpants (Dog Man #5),Dav Pilkey,Superheroes,4.8,15..54,2018,256,"20,669 ratings",2018,en,Juvenile Fiction,
Educated: A Memoir,Tara Westover,Women,4.6,11..98,2020,352,"221,165 ratings",2018,en,Biography & Autobiography,
You Are a Badass: How to Stop Doubting Your Greatness and Start Living an Awesome Life,Jen Sincero,Happiness,4.7,9..35,2021,272,"47,166 ratings",2018,en,Self-Help,
"The Plant Paradox: The Hidden Dangers in ""Healthy"" Foods That Cause Disease and Weight Gain (The Plant Paradox, 1)",Dr. Steven R Gundry  MD,Weight Loss,4.4,15..66,2017,416,"16,909 ratings",2018,en,Health & Fitness,
Giraffes Can't Dance,Giles Andreae,Dance,4.8,6..50,1999,32,"29,657 ratings",2018,en,Juvenile Fiction,
D&D 2014 Player's Handbook (Dungeons & Dragons Core Rulebook),Dungeons & Dragons,Reference,4.9,49..95,1951,Unknown,"54,163 ratings",2018,es,Non Fiction,
Homebody: A Guide to Creating Spaces You Never Want to Leave,Joanna Gaines,Design & Construction,4.8,23..98,2018,352,"12,004 ratings",2018,en,House & Home,
The Very Hungry Caterpillar,Eric Carle,Counting,4.9,5..75,1969,26,"76,710 ratings",2018,en,Juvenile Fiction,
Crazy Rich Asians (Crazy Rich Asians Trilogy),Kevin Kwan,Family Life,4.3,9..90,2018,544,"54,191 ratings",2018,en,Fiction,
The Hate U Give: A Printz Honor Winner,Angie Thomas,Depression & Mental Health,4.7,8..62,2017,464,"49,849 ratings",2018,en,Young Adult Fiction,
The Instant Pot Electric Pressure Cooker Cookbook: Easy Recipes for Fast & Healthy Meals,Laurel Randolph,Poultry,4.4,7..85,2016,176,"13,425 ratings",2018,en,Cooking,
The Four Agreements: A Practical Guide to Personal Freedom (A Toltec Wisdom Book),Don Miguel Ruiz,Personal Transformation,4.7,7..05,1997,160,"117,067 ratings",2018,en,Self-Help,
The Wonderful Things You Will Be,Emily Winfield Martin,New Baby,4.9,10..71,2015,36,"31,479 ratings",2018,en,Juvenile Fiction,
P is for Potty! (Sesame Street) (Lift-the-Flap),Naomi Kleinberg,Toilet Training,4.7,6..36,2014,12,"32,254 ratings",2018,en,Juvenile Fiction,
The Pout-Pout Fish,Deborah Diesen,Emotions & Feelings,4.8,4..50,2013,32,"27,061 ratings",2018,en,Juvenile Fiction,
The Alchemist: A Modern Classic of Magic and Mysticism (Perennial Classics),Paulo Coelho,Historical,4.6,7..85,2014,208,"166,954 ratings",2018,en,Fiction,
Wonder,R. J. Palacio,Unknown,4.8,11..41,1899,320,"67,127 ratings",2018,en,Juvenile Fiction,
To Kill a Mockingbird,Harper Lee,"TV, Movie, Video Game Adaptations",4.7,10..98,1960,336,"141,123 ratings",2018,en,Fiction,
The Whole30: The 30-Day Guide to Total Health and Food Freedom,Melissa Hartwig Urban,Reference,4.6,16..51,2015,432,"16,802 ratings",2018,en,Non Fiction,
The Keto Diet: The Complete Guide to a High-Fat Diet,Leanne Vogel,Green Housecleaning,4.4,15..00,2017,448,"7,760 ratings",2018,en,Cooking,
"Everybody, Always: Becoming Love in a World Full of Setbacks and Difficult People",Bob Goff,Family & Relationships,4.8,10..43,2018,240,"9,239 ratings",2018,en,Religion,
Before We Were Yours: A Novel,Lisa Wingate,Family Saga,4.6,16..62,2019,352,"152,787 ratings",2018,en,Fiction,
The Reckoning: A Novel,John Grisham,Political,4.2,14..33,2014,432,"67,789 ratings",2018,en,Fiction,
"Brown Bear, Brown Bear, What Do You See?",Bill Martin Jr.,Colors,4.9,5..36,1967,24,"54,421 ratings",2018,en,Juvenile Fiction,
Beneath a Scarlet Sky: A Novel,Mark Sullivan,World War II & Holocaust,4.6,13..90,2019,523,"234,000 ratings",2018,en,Germany,
What to Expect When You're Expecting: (Updated in 2024),Heidi Murkoff,Pregnancy & Childbirth,4.8,10..73,2016,656,"29,479 ratings",2018,en,Health & Fitness,
Principles: Life and Work,Ray Dalio,Introduction,4.6,15..50,2020,592,"18,510 ratings",2018,en,Business & Economics,
Astrophysics for People in a Hurry,Neil deGrasse Tyson,Astrophysics & Space Science,4.6,10..79,2017,224,"36,972 ratings",2018,en,Science,
Laugh-Out-Loud Jokes for Kids,Rob Elliott,Humorous,4.6,4..64,2022,128,"12,125 ratings",2018,en,Juvenile Nonfiction,
"Medical Medium Liver Rescue: Answers to Eczema, Psoriasis, Diabetes, Strep, Acne, Gout, Bloating, Gallstones, Adrenal Stress, Fatigue, Fatty Liver, Weight Issues, SIBO & Autoimmune Disease",Anthony William,Psoriasis,4.7,19..29,2018,496,"12,291 ratings",2018,en,Health & Fitness,
The Official SAT Study Guide,The College Board,SAT,4.5,12..20,2004,1280,"2,461 ratings",2018,en,Study Aids,
Calm the F*ck Down: An Irreverent Adult Coloring Book,Sasha O'Hara,Humorous,4.6,6..99,2016,52,"21,386 ratings",2018,en,Coloring books,
"The Care and Keeping of You: The Body Book for Younger Girls, Revised Edition (American Girl® Wellbeing)",Valorie Schaefer,Personal Hygiene,4.8,12..99,2012,104,"26,974 ratings",2018,en,Juvenile Nonfiction,
The Outsider: A Novel,Stephen King,Murder,4.5,15..89,2017,576,"63,096 ratings",2018,en,Fiction,
Where the Crawdads Sing: Reese's Book Club,Delia Owens,Coming of Age,4.7,15..50,2018,384,"634,573 ratings",2018,en,Fiction,
Sapiens: A Brief History of Humankind,Yuval Noah Harari,Military,4.6,14..29,2020,464,"142,955 ratings",2018,en,Comics & Graphic Novels,
Love You Forever,Robert Munsch,Classics,4.9,4..98,1986,32,"65,378 ratings",2018,en,Juvenile Nonfiction,
Dragons Love Tacos,Adam Rubin,"Dragons, Unicorns & Mythical",4.8,9..95,2012,40,"20,113 ratings",2018,en,Juvenile Fiction,
The Woman in the Window: A Novel,A. J. Finn,Culinary,4.3,14..10,2017,448,"134,045 ratings",2018,en,Fiction,
Simply Keto: A Practical Approach to Health & Weight Loss with 100+ Easy Low-Carb Recipes,Suzanne Ryan,Green Housecleaning,4.6,21..34,2017,336,"10,305 ratings",2018,en,Cooking,
StrengthsFinder 2.0,Gallup,Management,4.1,28..52,2007,175,"8,423 ratings",2018,es,Business & Economics,
"Extreme Ownership: How U.S. Navy SEALs Lead and Win (New Edition) (Extreme Ownership Trilogy, 1)",Jocko Willink,Iraq War,4.8,12..04,2017,384,"37,843 ratings",2018,en,Biography & Autobiography,
The Russia Hoax: The Illicit Scheme to Clear Hillary Clinton and Frame Donald Trump,Gregg Jarrett,Executive Branch,4.8,9..95,2018,352,"6,058 ratings",2018,en,Education,
Where the Crawdads Sing: Reese's Book Club,Delia Owens,Coming of Age,4.7,15..50,2018,384,"634,573 ratings",2019,en,Fiction,
Becoming,Michelle Obama,Black & African American,4.8,18..70,2016,448,"204,693 ratings",2019,id,Biography & Autobiography,
Educated: A Memoir,Tara Westover,Women,4.6,11..98,2020,352,"221,165 ratings",2019,en,Biography & Autobiography,
Dog Man: For Whom the Ball Rolls: From the Creator of Captain Underpants (Dog Man #7),Dav Pilkey,Superheroes,4.9,7..74,2019,240,"23,329 ratings",2019,en,Juvenile Fiction,
"Girl, Wash Your Face: Stop Believing the Lies About Who You Are So You Can Become Who You Were Meant to Be",Rachel Hollis,Faith,4.5,12..58,2018,240,"41,351 ratings",2019,en,Non Fiction,
Dog Man: Fetch-22: A Graphic Novel (Dog Man #8): From the Creator of Captain Underpants,Dav Pilkey,Action & Adventure,4.9,8..27,2019,240,"32,535 ratings",2019,en,Juvenile Fiction,
Wrecking Ball (Diary of a Wimpy Kid #14) (Volume 14),Jeff Kinney,Boys & Men,4.9,11..22,2019,224,"19,445 ratings",2019,en,Fiction,
The Wonderful Things You Will Be,Emily Winfield Martin,New Baby,4.9,10..71,2015,36,"31,479 ratings",2019,en,Juvenile Fiction,
"School Zone Big Preschool Workbook: 320 Pages, Toddler, Pre-K, ABCs, Alphabet, Basic Phonics, Writing Skills, Early Math & Numbers, Colors & Shapes, Matching, Follow Directions, Ages 3-5",School Zone,School,4.8,12..59,2019,320,"72,902 ratings",2019,en,Non Fiction,
The 5 Love Languages: The Secret to Love that Lasts,Gary Chapman,Love & Romance,4.8,7..88,2016,224,"93,996 ratings",2019,en,Family & Relationships,
The Wonky Donkey,Craig Smith,Farm Animals,4.8,5..28,2010,24,"85,164 ratings",2019,en,Animals,
The Subtle Art of Not Giving a F*ck: A Counterintuitive Approach to Living a Good Life,Mark Manson,Happiness,4.5,10..05,2016,224,"151,837 ratings",2019,en,Self-Help,
Difficult Riddles For Smart Kids: 300 Difficult Riddles And Brain Teasers Families Will Love (Thinking Books for Kids),M Prefontaine,Party Games,4.6,7..99,2017,79,"33,633 ratings",2019,en,Lateral thinking puzzles,
"Salt, Fat, Acid, Heat: Mastering the Elements of Good Cooking",Samin Nosrat,Reference,4.8,18..72,2021,480,"23,601 ratings",2019,en,Non Fiction,
The Very Hungry Caterpillar,Eric Carle,Counting,4.9,5..75,1969,26,"76,710 ratings",2019,en,Juvenile Fiction,
What Should Danny Do? (The Power to Choose Series),Adir Levy,Values,4.8,11..11,2017,68,"24,917 ratings",2019,en,JUVENILE FICTION,
It's Not Supposed to Be This Way: Finding Unexpected Strength When Disappointments Leave You Shattered,Lysa TerKeurst,Guides,4.8,14..03,2018,256,"19,987 ratings",2019,en,Religion,
Hopscotch Girls I Am Confident Brave & Beautiful Inspirational Coloring Books for Kids Ages 4-8 & Up 8-12 Empowering Boost Confidence Color Book,Hopscotch Girls,Girls & Women,4.8,6..99,2017,24,"34,105 ratings",2019,en,Non Fiction,
The Four Agreements: A Practical Guide to Personal Freedom (A Toltec Wisdom Book),Don Miguel Ruiz,Personal Transformation,4.7,7..05,1997,160,"117,067 ratings",2019,en,Self-Help,
Unfreedom of the Press,Mark R. Levin,"Headphones, Earbuds & Accessories",4.8,8..90,2019,272,"9,343 ratings",2019,en,Political Science,
Dog Man: Brawl of the Wild: From the Creator of Captain Underpants (Dog Man #6),Dav Pilkey,Superheroes,4.8,8..25,2018,224,"22,700 ratings",2019,en,Juvenile Fiction,
Giraffes Can't Dance,Giles Andreae,Dance,4.8,6..50,1999,32,"29,657 ratings",2019,en,Juvenile Fiction,
If Animals Kissed Good Night,Ann Whitford Paul,Parents,4.8,4..23,2009,34,"75,556 ratings",2019,en,Non Fiction,
"Oh, the Places You'll Go!",Dr. Seuss,Classics,4.9,8..48,1990,56,"52,232 ratings",2019,en,Juvenile Fiction,
Howard Stern Comes Again,Howard Stern,Actors & Entertainers,4.5,14..41,2019,560,"10,256 ratings",2019,en,Biography & Autobiography,
Guts: A Graphic Novel,Raina Telgemeier,Biography,4.8,7..00,2019,224,"18,852 ratings",2019,en,Juvenile Nonfiction,
The Life-Changing Magic of Tidying Up: The Japanese Art of Decluttering and Organizing,Marie Kondō,"Cleaning, Caretaking & Relocating",4.5,9..42,2017,224,"59,251 ratings",2019,en,House & Home,
"Harry Potter and the Goblet of Fire: The Illustrated Edition (Harry Potter, Book 4) (4)",J. K. Rowling,Unknown,4.9,27..92,2019,464,"27,519 ratings",2019,en, Fiction,
National Geographic Little Kids First Big Book of Why (National Geographic Little Kids First Big Books),Amy Shields,Almanacs,4.8,10..61,2018,128,"19,845 ratings",2019,en,Juvenile Nonfiction,
Zen as F*ck: A Journal for Practicing the Mindful Art of Not Giving a Sh*t (Zen as F*ck Journals),Monica Sweeney,"Love, Sex & Marriage",4.7,6..90,2018,128,"24,672 ratings",2019,en,Games & Activities,
Rich Dad Poor Dad: What the Rich Teach Their Kids About Money That the Poor and Middle Class Do Not!,Robert T. Kiyosaki,Personal Finance,4.7,13..80,2017,336,"102,857 ratings",2019,en,Non Fiction,
The Institute: A Novel,Stephen King,Kidnapping,4.6,15..97,2019,576,"60,910 ratings",2019,en,Fiction,
The Testaments: The Sequel to The Handmaid's Tale,Margaret Atwood,Short Stories,4.6,15..17,2019,432,"71,550 ratings",2019,en,Fiction,
Super Deluxe Essential Handbook (Pokémon): The Need-to-Know Stats and Facts on Over 800 Characters,Scholastic,Video & Electronic,4.8,9..35,2018,496,"21,343 ratings",2019,en,Nintendo video games,
CreateSpace Classics Lettering and Modern Calligraphy: A Beginner's Guide: Learn Hand Lettering and Brush Lettering,Paper Peony Press,Book Design,4.5,6..99,2017,112,"21,485 ratings",2019,en,Non Fiction,
"Carson Dellosa 54 Phonics Flash Cards, Sight Words Flashcards for Kids Ages 4 and Up, High Frequency Vocabulary Preschool and Kindergarten Learning Activities, Toddler Stocking Stuffers",Brighter Child,Sounds,4.8,9..99,2006,54,"46,863 ratings",2019,es,Non Fiction,
Atomic Habits: An Easy & Proven Way to Build Good Habits & Break Bad Ones,James Clear,Social Psychology & Interactions,4.8,14..20,2022,320,"139,893 ratings",2019,en,Non Fiction,
Make Your Bed: Little Things That Can Change Your Life...And Maybe the World,Admiral William H. McRaven,Happiness,4.7,11..43,2019,144,"47,845 ratings",2019,en,Self-Help,
The Gifts of Imperfection: Let Go of Who You Think You're Supposed to Be and Embrace Who You Are,Brené Brown,Creativity,4.7,8..71,2019,160,"42,847 ratings",2019,en,Non Fiction,
Sapiens: A Brief History of Humankind,Yuval Noah Harari,Military,4.6,14..29,2020,464,"142,955 ratings",2019,en,Comics & Graphic Novels,
What to Expect When You're Expecting: (Updated in 2024),Heidi Murkoff,Pregnancy & Childbirth,4.8,10..73,2016,656,"29,479 ratings",2019,en,Health & Fitness,
Where the Crawdads Sing: Reese's Book Club (A Novel),Delia Owens,Coming of Age,4.7,13..72,2018,496,"634,573 ratings",2019,en,Fiction,
"Daring Greatly: How the Courage to Be Vulnerable Transforms the Way We Live, Love, Parent, and Lead",Brené Brown,Interpersonal Relations,4.7,9..12,2013,320,"30,615 ratings",2019,en,Business & Economics,
The Alchemist: A Modern Classic of Magic and Mysticism (Perennial Classics),Paulo Coelho,Historical,4.6,7..85,2014,208,"166,954 ratings",2019,en,Fiction,
The Pout-Pout Fish,Deborah Diesen,Emotions & Feelings,4.8,4..50,2013,32,"27,061 ratings",2019,en,Juvenile Fiction,
Talking to Strangers: What We Should Know about the People We Don't Know,Malcolm Gladwell,Interpersonal Relations,4.4,12..81,2020,400,"23,902 ratings",2019,en,Social Science,
Dear Zoo: A Lift-the-Flap Book,Rod Campbell,Zoos,4.8,4..84,1725,18,"31,173 ratings",2019,en,Juvenile Nonfiction,
The Overstory: A Novel,Richard Powers,Class Records & Lesson Books,4.4,15..00,2019,512,"39,851 ratings",2019,en,Fiction,
Fahrenheit 451,Ray Bradbury,Censorship,4.6,9..05,1953,249,"55,135 ratings",2019,es,Comics & Graphic Novels,
StrengthsFinder 2.0,Gallup,Management,4.1,28..52,2007,175,"8,423 ratings",2019,es,Business & Economics,
12 Rules for Life: An Antidote to Chaos,Jordan B. Peterson,Applied Psychology,4.7,14..08,2018,409,"82,468 ratings",2019,en,Psychology,
Eleanor Oliphant Is Completely Fine: Reese's Book Club: A Novel,Gail Honeyman,Friendship,4.5,9..90,2018,352,"240,357 ratings",2019,en,Fiction,
Me: Elton John Official Autobiography,Elton John,Popular,4.7,11..00,2019,384,"28,504 ratings",2019,es,Biography & Autobiography,
The Road Back to You: An Enneagram Journey to Self-Discovery,Ian Morgan Cron,Personal Growth,4.7,11..65,2016,240,"13,148 ratings",2019,en,Psychology,
The Tattooist of Auschwitz: A Novel,Heather Morris,World War II & Holocaust,4.6,8..92,2021,288,"173,480 ratings",2019,en,Fiction,
People of Walmart Adult Coloring Book: Rolling Back Dignity (OFFICIAL People of Walmart Books),Andrew Kipple,Comics & Manga,4.7,11..99,2016,76,"12,349 ratings",2019,en,Games & Activities,
The Great Gatsby: The Only Authorized Edition,F. Scott Fitzgerald,Censorship,4.4,8..41,2004,180,"17,859 ratings",2019,en,Fiction,
The Complete Cookbook for Young Chefs: 100+ Recipes that You'll Love to Cook and Eat,America’s Test Kitchen Kids,Daily Activities,4.8,10..70,2019,208,"24,382 ratings",2019,en,Juvenile Nonfiction,
"Blowout: Corrupted Democracy, Rogue State Russia, and the Richest, Most Destructive Industry on Earth",Rachel Maddow,Corruption & Misconduct,4.8,19..00,2019,432,"10,374 ratings",2019,en,Political Science,
A Promised Land,Barack Obama,U.S. Presidents,4.9,16..77,2020,768,"127,606 ratings",2020,en,Biography & Autobiography,
Too Much and Never Enough: How My Family Created the World's Most Dangerous Man,Mary L. Trump Ph.D.,U.S. Presidents,4.6,12..44,2020,240,"120,168 ratings",2020,en,Biography & Autobiography,
Where the Crawdads Sing: Reese's Book Club,Delia Owens,Coming of Age,4.7,15..50,2018,384,"634,573 ratings",2020,en,Fiction,
"My First Learn-to-Write Workbook: Practice for Kids with Pen Control, Line Tracing, Letters, and More!",Crystal Radke,Handwriting,4.8,5..26,2021,84,"86,559 ratings",2020,en,Juvenile Nonfiction,
Midnight Sun,Stephenie Meyer,Vampires,4.8,15..15,2020,672,"82,178 ratings",2020,es,Young Adult Fiction,
Untamed: Reese's Book Club,Glennon Doyle,Self Help,4.6,14..69,2020,352,"66,969 ratings",2020,en,Biography & Autobiography,
If Animals Kissed Good Night,Ann Whitford Paul,Parents,4.8,4..23,2009,34,"75,556 ratings",2020,en,Non Fiction,
White Fragility: Why It's So Hard for White People to Talk About Racism,Dr. Robin DiAngelo,Discrimination & Racism,4.5,8..16,2020,192,"47,965 ratings",2020,en,Social Science,
"School Zone Big Preschool Workbook: 320 Pages, Toddler, Pre-K, ABCs, Alphabet, Basic Phonics, Writing Skills, Early Math & Numbers, Colors & Shapes, Matching, Follow Directions, Ages 3-5",School Zone,School,4.8,12..59,2019,320,"72,902 ratings",2020,en,Non Fiction,
The Room Where It Happened: A White House Memoir,John Bolton,Executive Branch,4.2,13..32,2020,592,"53,304 ratings",2020,en,Biography & Autobiography,
The Ballad of Songbirds and Snakes (A Hunger Games Novel) (The Hunger Games),Suzanne Collins,Science Fiction,4.6,27..99,2020,528,"95,423 ratings",2020,en,Young Adult Fiction,
Dog Man: Grime and Punishment: A Graphic Novel (Dog Man #9): From the Creator of Captain Underpants (9),Dav Pilkey,Dogs,4.9,7..37,2020,240,"47,521 ratings",2020,en,Juvenile Fiction,
The Very Hungry Caterpillar,Eric Carle,Counting,4.9,5..75,1969,26,"76,710 ratings",2020,en,Juvenile Fiction,
Becoming,Michelle Obama,Black & African American,4.8,18..70,2016,448,"204,693 ratings",2020,id,Biography & Autobiography,
How to Be an Antiracist,Ibram X. Kendi,Discrimination & Racism,4.7,14..11,2019,320,"28,660 ratings",2020,es,Political Science,
The Four Agreements: A Practical Guide to Personal Freedom (A Toltec Wisdom Book),Don Miguel Ruiz,Personal Transformation,4.7,7..05,1997,160,"117,067 ratings",2020,en,Self-Help,
Rage,Bob Woodward,U.S. Presidents,4.6,12..95,1985,480,"34,938 ratings",2020,en,Biography & Autobiography,
Caste: The Origins of Our Discontents,Isabel Wilkerson,Slavery & Emancipation,4.8,13..45,2021,544,"46,869 ratings",2020,en,Social Science,
Greenlights,Matthew McConaughey,Actors & Entertainers,4.6,16..45,2020,304,"71,962 ratings",2020,es,Biography & Autobiography,
Hopscotch Girls I Am Confident Brave & Beautiful Inspirational Coloring Books for Kids Ages 4-8 & Up 8-12 Empowering Boost Confidence Color Book,Hopscotch Girls,Girls & Women,4.8,6..99,2017,24,"34,105 ratings",2020,en,Non Fiction,
American Dirt (Oprah's Book Club): A Novel,Jeanine Cummins,Family Life,4.6,14..91,2020,400,"174,852 ratings",2020,en,Fiction,
"The Boy, the Mole, the Fox and the Horse: Inspiring Conversations on Hope, Love and Personal Growth",Charlie Mackesy,Contemporary Women,4.8,11..57,2019,128,"125,350 ratings",2020,en,Animals,
Little Fires Everywhere: A Novel,Celeste Ng,Family Life,4.4,9..35,2020,368,"183,328 ratings",2020,en,Fiction,
The Deep End (Diary of a Wimpy Kid #15) (Volume 15),Jeff Kinney,Parents,4.8,8..44,2020,224,"50,452 ratings",2020,en,Non Fiction,
Atomic Habits: An Easy & Proven Way to Build Good Habits & Break Bad Ones,James Clear,Social Psychology & Interactions,4.8,14..20,2022,320,"139,893 ratings",2020,en,Non Fiction,
I Love You to the Moon and Back,Amelia Hepworth,Multigenerational,4.9,4..42,2015,28,"77,673 ratings",2020,en,Juvenile Fiction,
How to Catch a Mermaid,Adam Wallace,Stories In Verse,4.8,6..25,2018,40,"34,485 ratings",2020,en,Juvenile Fiction,
"The Splendid and the Vile: A Saga of Churchill, Family, and Defiance During the Blitz",Erik Larson,World War II,4.7,13..88,2020,608,"44,209 ratings",2020,en,History,
How to Catch a Unicorn,Adam Wallace,Horses,4.8,5..96,2019,40,"36,622 ratings",2020,en,Juvenile Fiction,
Giraffes Can't Dance,Giles Andreae,Dance,4.8,6..50,1999,32,"29,657 ratings",2020,en,Juvenile Fiction,
Then She Was Gone: A Novel,Lisa Jewell,Family Life,4.5,8..81,2018,384,"123,371 ratings",2020,en,Fiction,
Difficult Riddles For Smart Kids: 300 Difficult Riddles And Brain Teasers Families Will Love (Thinking Books for Kids),M Prefontaine,Party Games,4.6,7..99,2017,79,"33,633 ratings",2020,en,Lateral thinking puzzles,
1984: 75th Anniversary,George Orwell,Censorship,4.6,9..78,1984,328,"117,023 ratings",2020,en,Fiction,
Humans,Brandon Stanton,Cities,4.9,19..63,1915,448,"19,886 ratings",2020,en,Photography,
Goodnight Moon,Margaret Wise Brown,Rabbits,4.9,6..48,1947,30,"30,382 ratings",2020,en,Fiction,
I've Loved You Since Forever,Hoda Kotb,Adoption,4.8,10..44,2021,32,"21,880 ratings",2020,es,Juvenile Fiction,
Just Mercy: A Story of Justice and Redemption (One World Essentials),Bryan Stevenson,Black & African American,4.8,10..93,2015,384,"39,636 ratings",2020,en,Law,
Rich Dad Poor Dad: What the Rich Teach Their Kids About Money That the Poor and Middle Class Do Not!,Robert T. Kiyosaki,Personal Finance,4.7,13..80,2017,336,"102,857 ratings",2020,en,Non Fiction,
The Complete Cookbook for Young Chefs: 100+ Recipes that You'll Love to Cook and Eat,America’s Test Kitchen Kids,Daily Activities,4.8,10..70,2019,208,"24,382 ratings",2020,en,Juvenile Nonfiction,
Publication Manual (OFFICIAL) 7th Edition of the American Psychological Association,American Psychological Association,Academic & Scholarly,4.8,31..99,2019,428,"33,353 ratings",2020,en,Language Arts & Disciplines,
First Little Readers Parent Pack: Guided Reading Level A: 25 Irresistible Books That Are Just the Right Level for Beginning Readers,Deborah Schecter,Beginner Readers,4.7,15..30,2010,25,"31,617 ratings",2020,en,Education,
The Mamba Mentality: How I Play,Kobe Bryant,Basketball,4.8,18..34,2018,208,"29,568 ratings",2020,en,Sports & Recreation,
"School Zone Multiplication 0-12 Flash Cards: 56 Math Cards, 3rd Grade, 4th Grade, Elementary Math, Multiplication Facts, Common Core, Ages 8+, Packaging May Vary",School Zone,Arithmetic,4.7,3..49,2019,56,"29,785 ratings",2020,en,Education,
There's No Place Like Space! All About Our Solar System (The Cat in the Hat's Learning Library),Tish Rabe,Beginner Readers,4.8,5..98,1999,48,"27,147 ratings",2020,en,Juvenile Nonfiction,
Disloyal: A Memoir: The True Story of the Former Personal Attorney to President Donald J. Trump,Michael Cohen,U.S. Presidents,4.6,14..79,2020,432,"33,159 ratings",2020,en,Political Science,
"My First Toddler Coloring Book: Fun with Numbers, Letters, Shapes, Colors, and Animals! (Kids Coloring Activity Books)",Tanya Emelyanova,Coloring Books,4.8,4..39,2021,96,"19,789 ratings",2020,en,Art,
The Alchemist: A Modern Classic of Magic and Mysticism (Perennial Classics),Paulo Coelho,Historical,4.6,7..85,2014,208,"166,954 ratings",2020,en,Fiction,
To Kill a Mockingbird,Harper Lee,"TV, Movie, Video Game Adaptations",4.7,10..98,1960,336,"141,123 ratings",2020,en,Fiction,
Percy Jackson and the Olympians 5 Book Paperback Boxed Set (w/poster) (Percy Jackson & the Olympians),Rick Riordan,Class Records & Lesson Books,4.8,37..98,2023,1840,"41,020 ratings",2020,en, Juvenile Fiction,
Magnolia Table,Joanna Gaines,Southern,4.8,20..95,2020,336,"35,774 ratings",2020,en,Fiction,
Llama Llama Loves Camping,Anna Dewdney,Mammals,4.7,4..24,2018,24,"18,309 ratings",2020,en,Juvenile Fiction,
So You Want to Talk About Race,Ijeoma Oluo,African American Studies,4.7,9..92,2018,272,"14,873 ratings",2020,en,Social Science,
Blackout: How Black America Can Make Its Second Escape from the Democrat Plantation,Candace Owens,African American Studies,4.9,11..99,2020,320,"22,126 ratings",2020,en,Political Science,
How to Draw 101 Animals,Barry Green,Drawing,4.7,3..60,2023,48,"27,326 ratings",2020,en,Art,
Awesome Science Experiments for Kids: 100+ Fun STEM / STEAM Projects and Why They Work (Awesome STEAM Activities for Kids),Crystal Chatterton,Weather,4.7,8..98,2018,254,"15,387 ratings",2020,en,Juvenile Nonfiction,
The Unofficial Harry Potter Cookbook: From Cauldron Cakes to Knickerbocker Glory--More Than 150 Magical Recipes for Wizards and Non-Wizards Alike (Unofficial Cookbook Gift Series),Dinah Bucholz,Film,4.7,14..64,2010,256,"33,515 ratings",2020,en,Juvenile Nonfiction,
A Time for Mercy (Jake Brigance),John Grisham,Political,4.6,16..47,2020,480,"87,722 ratings",2020,en,Fiction,
"Oh, the Places You'll Go!",Dr. Seuss,Classics,4.9,8..48,1990,56,"52,232 ratings",2020,en,Juvenile Fiction,
Good Days Start With Gratitude: A 52 Week Guide To Cultivate An Attitude Of Gratitude: Gratitude Journal,Pretty Simple Press,Creativity,4.6,5..94,2019,70,"28,638 ratings",2020,en,Non Fiction,
Dog Man: Fetch-22: A Graphic Novel (Dog Man #8): From the Creator of Captain Underpants,Dav Pilkey,Action & Adventure,4.9,8..27,2019,240,"32,535 ratings",2020,en,Juvenile Fiction,
Atomic Habits: An Easy & Proven Way to Build Good Habits & Break Bad Ones,James Clear,Social Psychology & Interactions,4.8,14..20,2022,320,"139,893 ratings",2021,en,Non Fiction,
American Marxism,Mark R. Levin,Communism & Socialism,4.8,14..50,2021,320,"37,446 ratings",2021,en,Political Science,
The Four Agreements: A Practical Guide to Personal Freedom (A Toltec Wisdom Book),Don Miguel Ruiz,Personal Transformation,4.7,7..05,1997,160,"117,067 ratings",2021,en,Self-Help,
If Animals Kissed Good Night,Ann Whitford Paul,Parents,4.8,4..23,2009,34,"75,556 ratings",2021,en,Non Fiction,
"The Body Keeps the Score: Brain, Mind, and Body in the Healing of Trauma",Bessel van der Kolk M.D.,Psychiatry,4.8,10..86,2019,464,"79,046 ratings",2021,en,Psychology,
I Love You to the Moon and Back,Amelia Hepworth,Multigenerational,4.9,4..42,2015,28,"77,673 ratings",2021,en,Juvenile Fiction,
It Ends with Us: A Novel (1),Colleen Hoover,"TV, Movie, Video Game Adaptations",4.7,9..03,2016,384,"395,993 ratings",2021,en,Fiction,
"The Boy, the Mole, the Fox and the Horse: Inspiring Conversations on Hope, Love and Personal Growth",Charlie Mackesy,Contemporary Women,4.8,11..57,2019,128,"125,350 ratings",2021,en,Animals,
The Very Hungry Caterpillar,Eric Carle,Counting,4.9,5..75,1969,26,"76,710 ratings",2021,en,Juvenile Fiction,
"My First Learn-to-Write Workbook: Practice for Kids with Pen Control, Line Tracing, Letters, and More!",Crystal Radke,Handwriting,4.8,5..26,2021,84,"86,559 ratings",2021,en,Juvenile Nonfiction,
The Midnight Library: A GMA Book Club Pick: A Novel,Matt Haig,Short Stories,4.4,9..54,2020,304,"268,600 ratings",2021,en,Fiction,
The Four Winds: A Novel,Kristin Hannah,Historical,4.6,14..55,2014,464,"174,356 ratings",2021,en,Fiction,
Dog Man: Mothering Heights: A Graphic Novel (Dog Man #10): From the Creator of Captain Underpants (10),Dav Pilkey,Superheroes,4.9,6..79,2021,224,"26,516 ratings",2021,en,Juvenile Fiction,
The Last Thing He Told Me: A Novel,Laura Dave,Family Life,4.3,15..92,2021,320,"159,739 ratings",2021,en,Fiction,
"Big Shot Diary of a Wimpy Kid Book 16 (Diary of a Wimpy Kid, 16) (Volume 16)",Jeff Kinney,Humor,4.8,9..98,2021,224,"28,268 ratings",2021,en,Juvenile Fiction,
"Real Anthony Fauci: Bill Gates, Big Pharma, and the Global War on Democracy and Public Health (Children’s Health Defense)",Robert F. Kennedy Jr.,Scientists,4.8,17..09,2022,492,"26,542 ratings",2021,en,Science,
The Seven Husbands of Evelyn Hugo: A Novel,Taylor Jenkins Reid,Family Life,4.6,9..49,2018,400,"253,046 ratings",2021,en,Fiction,
The 48 Laws of Power,Robert Greene,History & Theory,4.7,14..55,1998,452,"83,824 ratings",2021,en,Self-Help,
"Oh, the Places You'll Go!",Dr. Seuss,Classics,4.9,8..48,1990,56,"52,232 ratings",2021,en,Juvenile Fiction,
"Brown Bear, Brown Bear, What Do You See?",Bill Martin Jr.,Colors,4.9,5..36,1967,24,"54,421 ratings",2021,en,Juvenile Fiction,
Rich Dad Poor Dad: What the Rich Teach Their Kids About Money That the Poor and Middle Class Do Not!,Robert T. Kiyosaki,Personal Finance,4.7,12..70,2017,336,"102,857 ratings",2021,en,Non Fiction,
The 5 Love Languages: The Secret to Love that Lasts,Gary Chapman,Love & Romance,4.8,7..88,2016,224,"93,996 ratings",2021,en,Family & Relationships,
Burn After Writing (Pink),Sharon Jones,Writing,4.6,7..61,2020,160,"78,221 ratings",2021,es,Self-Help,
1984: 75th Anniversary,George Orwell,Censorship,4.6,9..78,1984,328,"117,023 ratings",2021,en,Fiction,
Peril,Bob Woodward,U.S. Presidents,4.6,14..17,1932,512,"22,176 ratings",2021,es,Political Science,
Untamed: Reese's Book Club,Glennon Doyle,Self Help,4.6,14..69,2020,352,"66,969 ratings",2021,en,Biography & Autobiography,
"Dune (Dune Chronicles, Book 1)",Frank Herbert,Paranormal,4.7,9..05,40,704,"100,024 ratings",2021,en,Fiction,
My First Library: Boxset of 10 Board Books for Kids,Wonder House Books,Vocabulary & Spelling,4.6,15..06,2018,220,"82,979 ratings",2021,en,Young Adult Nonfiction,
Atlas of the Heart: Mapping Meaningful Connection and the Language of Human Experience,Brené Brown,Social Psychology & Interactions,4.8,17..74,2021,336,"20,771 ratings",2021,en,Non Fiction,
"Song of Achilles, The",Madeline Miller,Classic Fiction,4.5,10..77,2011,416,"110,220 ratings",2021,en,Fiction,
The Lincoln Highway: A Read with Jenna Pick: A Novel,Amor Towles,Historical,4.4,13..99,2021,592,"85,795 ratings",2021,en,Fiction,
Where the Crawdads Sing: Reese's Book Club,Delia Owens,Coming of Age,4.7,9..41,2021,400,"634,573 ratings",2021,en,Fiction,
Let That Sh*t Go: A Journal for Leaving Your Bullsh*t Behind and Creating a Happy Life (Zen as F*ck Journals),Monica Sweeney,"Love, Sex & Marriage",4.6,7..85,2018,128,"31,873 ratings",2021,en,Games & Activities,
Goodnight Moon,Margaret Wise Brown,Rabbits,4.9,6..48,1947,30,"30,382 ratings",2021,en,Fiction,
"Magic Tree House Boxed Set, Books 1-4: Dinosaurs Before Dark, The Knight at Dawn, Mummies in the Morning, and Pirates Past Noon",Mary Pope Osborne,Anthologies,4.8,12..24,2001,80,"23,064 ratings",2021,en,Juvenile Fiction,
Where's Spot?: A Lift-the-Flap Book,Eric Hill,Dogs,4.8,4..50,2003,22,"34,965 ratings",2021,en,Juvenile Nonfiction,
Air Fryer Cookbook: 600 Effortless Air Fryer Recipes for Beginners and Advanced Users,Jenson William,California,4.4,11..90,2019,180,"46,137 ratings",2021,en,Cooking,
Love You Forever,Robert Munsch,Classics,4.9,4..98,1986,32,"65,378 ratings",2021,en,Juvenile Nonfiction,
How to Catch a Unicorn,Adam Wallace,Horses,4.8,5..96,2019,40,"36,622 ratings",2021,en,Juvenile Fiction,
Chicka Chicka Boom Boom (Board Book),Bill Martin Jr.,Beginner Readers,4.9,4..30,2012,36,"40,253 ratings",2021,en,Juvenile Fiction,
Scholastic Flash Cards: Sight Words,Scholastic Teacher Resources,Teaching Materials,4.8,2..88,2018,Unknown,"30,967 ratings",2021,en,Education,
"What Happened to You?: Conversations on Trauma, Resilience, and Healing",Oprah Winfrey,Anxiety,4.7,15..20,2021,304,"17,151 ratings",2021,en,Self-Help,
Difficult Riddles For Smart Kids: 300 Difficult Riddles And Brain Teasers Families Will Love (Thinking Books for Kids),M Prefontaine,Party Games,4.6,7..99,2017,79,"33,633 ratings",2021,en,Lateral thinking puzzles,
How to Do the Work: An Motivational Self-Healing Book,Dr. Nicole LePera,Educational Psychology,4.8,15..28,2021,320,"15,844 ratings",2021,ko,Non Fiction,
Change Sings: A Children's Anthem,Amanda Gorman,Prejudice & Racism,4.9,10..73,2021,32,"5,140 ratings",2021,en,Juvenile Nonfiction,
Think Again: The Power of Knowing What You Don't Know,Adam Grant,Motivation & Self-Improvement,4.6,14..93,2021,320,"16,793 ratings",2021,en,Business & Economics,
Keep Sharp: Build a Better Brain at Any Age,Sanjay Gupta M.D.,Dementia,4.7,16..81,2021,336,"11,919 ratings",2021,en,Health & Fitness,
The Screaming Goat (Book & Figure) (RP Minis),Running Press,"Cats, Dogs & Animals",4.7,7..96,2016,32,"39,512 ratings",2021,en,Humor,
The Women of the Bible Speak: The Wisdom of 16 Women and Their Lessons for Today,Shannon Bream,Rome,4.8,14..29,2021,256,"14,791 ratings",2021,en,Religion,
The Big Book of Silly Jokes for Kids,Carole P. Roman,Composition & Creative Writing,4.7,5..99,2019,160,"24,565 ratings",2021,en,Juvenile Nonfiction,
Percy Jackson and the Olympians 5 Book Paperback Boxed Set (w/poster) (Percy Jackson & the Olympians),Rick Riordan,Class Records & Lesson Books,4.8,37..98,2023,1840,"41,020 ratings",2021,en, Juvenile Fiction,
The Invisible Life of Addie LaRue,V. E. Schwab,Fantasy,4.5,14..39,2015,448,"107,559 ratings",2021,en,Fiction,
Project Hail Mary: A Novel,Andy Weir,"Mystery, Thriller & Suspense",4.7,16..29,2021,496,"144,215 ratings",2021,en,Fiction,
How to Draw 101 Animals,Barry Green,Drawing,4.7,3..60,2023,48,"27,326 ratings",2021,en,Art,
What to Expect When You're Expecting: (Updated in 2024),Heidi Murkoff,Pregnancy & Childbirth,4.8,10..73,2016,656,"29,479 ratings",2021,en,Health & Fitness,
Verity,Colleen Hoover,Thrillers & Suspense,4.6,16..74,2018,331,"398,069 ratings",2021,es,Fiction,
Harry Potter Paperback Box Set (Books 1-7),J. K. Rowling,Friendship,4.9,52..62,2009,Unknown,"64,425 ratings",2021,en, Fiction,
To Kill a Mockingbird,Harper Lee,"TV, Movie, Video Game Adaptations",4.7,10..98,1960,336,"141,123 ratings",2021,en,Fiction,
People We Meet on Vacation,Emily Henry,Feel-Good,4.3,8..24,2021,400,"75,811 ratings",2021,en,Fiction,
The Judge's List: A Novel (The Whistler),John Grisham,Political,4.5,13..91,2021,368,"92,593 ratings",2021,en,Fiction,
It Ends with Us: A Novel (1),Colleen Hoover,"TV, Movie, Video Game Adaptations",4.7,9..03,2016,384,"395,993 ratings",2022,en,Fiction,
It Starts with Us: A Novel (It Ends with Us),Colleen Hoover,Divorce,4.5,8..64,2022,336,"216,855 ratings",2022,en,Fiction,
Verity,Colleen Hoover,Psychological Thrillers,4.6,9..81,2018,336,"398,069 ratings",2022,es,Fiction,
Where the Crawdads Sing: Reese's Book Club,Delia Owens,Coming of Age,4.7,9..41,2021,400,"634,573 ratings",2022,en,Fiction,
Atomic Habits: An Easy & Proven Way to Build Good Habits & Break Bad Ones,James Clear,Social Psychology & Interactions,4.8,14..20,2022,320,"139,893 ratings",2022,en,Non Fiction,
Reminders of Him: A Novel,Colleen Hoover,Family Life,4.7,9..57,2022,335,"308,572 ratings",2022,en,Fiction,
Ugly Love: A Novel,Colleen Hoover,Family Life,4.6,9..02,2018,336,"159,921 ratings",2022,en,Fiction,
The Seven Husbands of Evelyn Hugo: A Novel,Taylor Jenkins Reid,Family Life,4.6,9..49,2018,400,"253,046 ratings",2022,en,Fiction,
"The Body Keeps the Score: Brain, Mind, and Body in the Healing of Trauma",Bessel van der Kolk M.D.,Psychiatry,4.8,10..86,2019,464,"79,046 ratings",2022,en,Psychology,
The Very Hungry Caterpillar,Eric Carle,Counting,4.9,5..75,1969,26,"76,710 ratings",2022,en,Juvenile Fiction,
The 48 Laws of Power,Robert Greene,History & Theory,4.7,14..55,1998,452,"83,824 ratings",2022,en,Self-Help,
The Four Agreements: A Practical Guide to Personal Freedom (A Toltec Wisdom Book),Don Miguel Ruiz,Personal Transformation,4.7,7..05,1997,160,"117,067 ratings",2022,en,Self-Help,
November 9: A Novel,Colleen Hoover,Contemporary,4.6,9..15,2015,320,"82,264 ratings",2022,en,Fiction,
I Love You to the Moon and Back,Amelia Hepworth,Multigenerational,4.9,4..42,2015,28,"77,673 ratings",2022,en,Juvenile Fiction,
I'm Glad My Mom Died,Jennette McCurdy,Actors & Entertainers,4.7,11..93,2022,320,"78,260 ratings",2022,en,Biography & Autobiography,
The Light We Carry: Overcoming in Uncertain Times,Michelle Obama,Black & African American,4.8,12..38,2022,336,"14,803 ratings",2022,en,Self-Help,
"My First Learn-to-Write Workbook: Practice for Kids with Pen Control, Line Tracing, Letters, and More!",Crystal Radke,Handwriting,4.8,5..26,2021,84,"86,559 ratings",2022,en,Juvenile Nonfiction,
Diper Överlöde (Diary of a Wimpy Kid #17) (Volume 17),Jeff Kinney,Fiction,4.7,8..44,2022,224,"14,339 ratings",2022,en,Juvenile Fiction,
The Wonderful Things You Will Be,Emily Winfield Martin,New Baby,4.9,10..71,2015,36,"31,479 ratings",2022,en,Juvenile Fiction,
"Interesting Facts For Curious Minds: 1572 Random But Mind-Blowing Facts About History, Science, Pop Culture And Everything In Between",Jordan Moore,Quizzes,4.5,10..59,2022,196,"13,468 ratings",2022,en,Non Fiction,
"Brown Bear, Brown Bear, What Do You See?",Bill Martin Jr.,Colors,4.9,5..36,1967,24,"54,421 ratings",2022,en,Juvenile Fiction,
Fairy Tale,Stephen King,Dark Fantasy,4.6,16..87,1850,608,"69,282 ratings",2022,en,Fiction,
Atlas of the Heart: Mapping Meaningful Connection and the Language of Human Experience,Brené Brown,Social Psychology & Interactions,4.8,17..74,2021,336,"20,771 ratings",2022,en,Non Fiction,
"Harry Potter and the Order of the Phoenix: The Illustrated Edition (Harry Potter, Book 5)",J. K. Rowling,Friendship,4.9,28..73,2022,576,"8,766 ratings",2022,en, Fiction,
If Animals Kissed Good Night,Ann Whitford Paul,Parents,4.8,4..23,2009,34,"75,556 ratings",2022,en,Non Fiction,
Things We Never Got Over (Knockemout),Lucy Score,Small Town & Rural,4.5,10..61,2024,570,"220,226 ratings",2022,en,Fiction,
My First Library: Boxset of 10 Board Books for Kids,Wonder House Books,Vocabulary & Spelling,4.6,15..06,2018,220,"82,979 ratings",2022,en,Young Adult Nonfiction,
"School Zone Big Preschool Workbook: 320 Pages, Toddler, Pre-K, ABCs, Alphabet, Basic Phonics, Writing Skills, Early Math & Numbers, Colors & Shapes, Matching, Follow Directions, Ages 3-5",School Zone,School,4.8,12..59,2019,320,"72,902 ratings",2022,en,Non Fiction,
Harry Potter Paperback Box Set (Books 1-7),J. K. Rowling,Friendship,4.9,52..62,2009,Unknown,"64,425 ratings",2022,en, Fiction,
"Oh, the Places You'll Go!",Dr. Seuss,Classics,4.9,8..48,1990,56,"52,232 ratings",2022,en,Juvenile Fiction,
Chicka Chicka Boom Boom (Board Book),Bill Martin Jr.,Beginner Readers,4.9,4..30,2012,36,"40,253 ratings",2022,en,Juvenile Fiction,
"Run, Rose, Run: A Novel",James Patterson,Southern,4.4,10..44,2022,448,"51,767 ratings",2022,en,Fiction,
Scholastic Flash Cards: Sight Words,Scholastic Teacher Resources,Teaching Materials,4.8,2..88,2018,Unknown,"30,967 ratings",2022,en,Education,
How to Catch a Mermaid,Adam Wallace,Stories In Verse,4.8,6..25,2018,40,"34,485 ratings",2022,en,Juvenile Fiction,
"Adult Children of Emotionally Immature Parents: How to Heal from Distant, Rejecting, or Self-Involved Parents",Lindsay C. Gibson,Interpersonal Relations,4.8,10..34,2015,216,"25,303 ratings",2022,en,Self-Help,
What to Expect When You're Expecting: (Updated in 2024),Heidi Murkoff,Pregnancy & Childbirth,4.8,10..73,2016,656,"29,479 ratings",2022,en,Health & Fitness,
Life Force: How New Breakthroughs in Precision Medicine Can Transform the Quality of Your Life & Those You Love,Tony Robbins,Longevity,4.5,15..80,2022,720,"6,763 ratings",2022,en,Health & Fitness,
Love You Forever,Robert Munsch,Classics,4.9,4..98,1986,32,"65,378 ratings",2022,en,Juvenile Nonfiction,
The Summer I Turned Pretty,Jenny Han,Dating & Sex,4.4,8..08,2009,304,"52,347 ratings",2022,en,Juvenile Fiction,
The Screaming Goat (Book & Figure) (RP Minis),Running Press,"Cats, Dogs & Animals",4.7,7..96,2016,32,"39,512 ratings",2022,en,Humor,
Finding Me: An Oprah's Book Club Pick,Viola Davis,Theater,4.8,13..39,2022,304,"23,094 ratings",2022,en,Biography & Autobiography,
Where the Crawdads Sing: Reese's Book Club,Delia Owens,Coming of Age,4.7,15..50,2018,384,"634,573 ratings",2022,en,Fiction,
Book Lovers,Emily Henry,Feel-Good,4.4,9..69,2022,416,"96,607 ratings",2022,es,Fiction,
The Great Reset: Joe Biden and the Rise of Twenty-First-Century Fascism (The Great Reset Series),Glenn Beck,Fascism,4.8,14..32,2022,320,"9,195 ratings",2022,en,Political Science,
Percy Jackson and the Olympians 5 Book Paperback Boxed Set (w/poster) (Percy Jackson & the Olympians),Rick Riordan,Class Records & Lesson Books,4.8,37..98,2023,1840,"41,020 ratings",2022,en, Juvenile Fiction,
Confess: A Novel,Colleen Hoover,Contemporary,4.6,9..30,2022,320,"51,271 ratings",2022,en,Fiction,
To Kill a Mockingbird,Harper Lee,"TV, Movie, Video Game Adaptations",4.7,10..98,1960,336,"141,123 ratings",2022,en,Fiction,
I Love You Like No Otter: A Funny and Sweet Board Book for Babies and Toddlers (Punderland),Rose Rossner,Parents,4.9,5..37,2020,24,"12,798 ratings",2022,en,Non Fiction,
Rich Dad Poor Dad: What the Rich Teach Their Kids About Money That the Poor and Middle Class Do Not!,Robert T. Kiyosaki,Personal Finance,4.7,13..80,2017,336,"102,857 ratings",2022,en,Non Fiction,
The Simply Happy Cookbook: 100-Plus Recipes to Take the Stress Out of Cooking (The Happy Cookbook Series),Steve Doocy,Bread,4.6,19..47,2022,336,"6,052 ratings",2022,en,Cooking,
Difficult Riddles For Smart Kids: 300 Difficult Riddles And Brain Teasers Families Will Love (Thinking Books for Kids),M Prefontaine,Party Games,4.6,7..99,2017,79,"33,633 ratings",2022,en,Lateral thinking puzzles,
Air Fryer Cookbook: 600 Effortless Air Fryer Recipes for Beginners and Advanced Users,Jenson William,California,4.4,11..90,2019,180,"46,137 ratings",2022,en,Cooking,
Red-Handed: How American Elites Get Rich Helping China Win,Peter Schweizer,Global,4.8,14..46,2022,352,"8,869 ratings",2022,en,Political Science,
People We Meet on Vacation,Emily Henry,Feel-Good,4.3,8..24,2021,400,"75,811 ratings",2022,en,Fiction,
D&D 2014 Player's Handbook (Dungeons & Dragons Core Rulebook),Dungeons & Dragons,Reference,4.9,49..95,1951,Unknown,"54,163 ratings",2022,es,Non Fiction,
"A Court of Thorns and Roses (A Court of Thorns and Roses, 1)",Sarah J. Maas,Paranormal,4.6,10..05,2024,448,"279,142 ratings",2022,en,Fiction,
Faith Still Moves Mountains: Miraculous Stories of the Healing Power of Prayer,Harris Faulkner,Faith,4.8,15..30,2022,288,"5,404 ratings",2022,en,Non Fiction,
The Lincoln Highway: A Read with Jenna Pick: A Novel,Amor Towles,Historical,4.4,13..99,2021,592,"85,795 ratings",2022,en,Fiction,
Where's Spot?: A Lift-the-Flap Book,Eric Hill,Dogs,4.8,4..50,2003,22,"34,965 ratings",2022,en,Juvenile Nonfiction,
Dragons Love Tacos,Adam Rubin,"Dragons, Unicorns & Mythical",4.8,9..95,2012,40,"20,113 ratings",2022,en,Juvenile Fiction,
Atomic Habits: An Easy & Proven Way to Build Good Habits & Break Bad Ones,James Clear,Social Psychology & Interactions,4.8,14..20,2022,320,"139,885 ratings",2023,en,Non Fiction,
"Iron Flame (The Empyrean, 2)",Rebecca Yarros,Epic,4.7,2..99,2024,640,"331,761 ratings",2023,fr,Fiction,
Spare,Prince Harry  The Duke of Sussex,Great Britain,4.5,19..00,2023,416,"113,232 ratings",2023,es,Biography & Autobiography,
"Fourth Wing (The Empyrean, 1)",Rebecca Yarros,Fantasy,4.8,2..99,2023,528,"399,453 ratings",2023,fr,Fiction,
The Woman in Me,Britney Spears,Actors & Entertainers,4.4,9..98,2023,288,"49,594 ratings",2023,en,Biography & Autobiography,
Lessons in Chemistry: A Novel,Bonnie Garmus,Mothers & Children,4.6,14..99,2023,400,"313,539 ratings",2023,en,Fiction,
The 48 Laws of Power,Robert Greene,History & Theory,4.7,14..55,1998,452,"83,824 ratings",2023,en,Self-Help,
"The Body Keeps the Score: Brain, Mind, and Body in the Healing of Trauma",Bessel van der Kolk M.D.,Psychiatry,4.8,10..86,2019,464,"79,046 ratings",2023,en,Psychology,
It Starts with Us: A Novel (It Ends with Us),Colleen Hoover,Divorce,4.5,8..64,2022,336,"216,845 ratings",2023,en,Fiction,
Outlive: The Science and Art of Longevity,Peter Attia MD,Medical Conditions & Diseases,4.6,18..00,2023,496,"17,468 ratings",2023,en,Health & Fitness,
It Ends with Us: A Novel (1),Colleen Hoover,"TV, Movie, Video Game Adaptations",4.7,9..03,2016,384,"395,993 ratings",2023,en,Fiction,
The Housemaid,Freida McFadden,Psychological,4.5,1..99,2022,336,"493,115 ratings",2023,es,Fiction,
The Very Hungry Caterpillar,Eric Carle,Counting,4.9,5..75,1969,26,"76,710 ratings",2023,en,Juvenile Fiction,
Killers of the Flower Moon: The Osage Murders and the Birth of the FBI,David Grann,Indigenous Peoples,4.4,8..86,2018,416,"79,255 ratings",2023,en,Juvenile Nonfiction,
Verity,Colleen Hoover,Psychological Thrillers,4.6,9..81,2018,336,"398,069 ratings",2023,es,Fiction,
The Seven Husbands of Evelyn Hugo: A Novel,Taylor Jenkins Reid,Family Life,4.6,9..49,2018,400,"253,046 ratings",2023,en,Fiction,
The Creative Act: A Way of Being,Rick Rubin,Creativity & Genius,4.7,16..99,2023,432,"9,470 ratings",2023,en,Non Fiction,
Taylor Swift: A Little Golden Book Biography,Wendy Loggia,Popular,4.9,4..78,2023,24,"8,892 ratings",2023,en,Juvenile Nonfiction,
The Four Agreements: A Practical Guide to Personal Freedom (A Toltec Wisdom Book),Don Miguel Ruiz,Personal Transformation,4.7,7..05,1997,160,"117,067 ratings",2023,en,Self-Help,
Demon Copperhead: A Pulitzer Prize Winner,Barbara Kingsolver,Paranormal,4.6,17..10,2022,560,"131,440 ratings",2023,en,Fiction,
"A Court of Thorns and Roses (A Court of Thorns and Roses, 1)",Sarah J. Maas,Paranormal,4.6,10..05,2024,448,"279,142 ratings",2023,en,Fiction,
"Interesting Facts For Curious Minds: 1572 Random But Mind-Blowing Facts About History, Science, Pop Culture And Everything In Between",Jordan Moore,Quizzes,4.5,10..59,2022,196,"13,468 ratings",2023,en,Non Fiction,
No Brainer (Diary of a Wimpy Kid #18) (Volume 18),Jeff Kinney,Boys & Men,4.8,1.67,2023,224,"10,840 ratings",2023,en,Fiction,
I Love You to the Moon and Back,Amelia Hepworth,Multigenerational,4.9,4..42,2015,28,"77,673 ratings",2023,en,Juvenile Fiction,
Dog Man: Twenty Thousand Fleas Under the Sea: A Graphic Novel (Dog Man #11): From the Creator of Captain Underpants,Dav Pilkey,Superheroes,4.8,6..79,2023,240,"9,607 ratings",2023,en,Juvenile Fiction,
Things We Never Got Over (Knockemout),Lucy Score,Small Town & Rural,4.5,10..61,2024,570,"220,226 ratings",2023,en,Fiction,
The Covenant of Water (Oprah's Book Club),Abraham Verghese,Medical,4.6,14..78,2023,736,"87,866 ratings",2023,en,Fiction,
"Brown Bear, Brown Bear, What Do You See?",Bill Martin Jr.,Colors,4.9,5..36,1967,24,"54,421 ratings",2023,en,Juvenile Fiction,
Baking Yesteryear: The Best Recipes from the 1900s to the 1980s,B. Dylan Hollis,Cakes,4.9,15..10,2023,256,"12,261 ratings",2023,en,Cooking,
I Love You Like No Otter: A Funny and Sweet Board Book for Babies and Toddlers (Punderland),Rose Rossner,Parents,4.9,5..37,2020,24,"12,798 ratings",2023,en,Non Fiction,
Reminders of Him: A Novel,Colleen Hoover,Family Life,4.7,9..57,2022,335,"308,572 ratings",2023,en,Fiction,
A Court of Mist and Fury,Sarah J. Maas,Paranormal,4.8,11..99,2014,656,"254,198 ratings",2023,en,Fiction,
The Legend of Zelda™: Tears of the Kingdom – The Complete Official Guide: Collector's Edition,Piggyback,Strategy Guides,4.8,22..26,2023,496,"7,310 ratings",2023,en,Games & Activities,
Elon Musk,Walter Isaacson,Business & Industry,4.7,20..36,2013,688,"20,883 ratings",2023,nl,Biography & Autobiography,
I Will Teach You to Be Rich: No Guilt. No Excuses. Just a 6-Week Program That Works (Second Edition),Ramit Sethi,Success,4.6,10..17,2019,352,"21,609 ratings",2023,en,Business & Economics,
Haunting Adeline (Cat and Mouse Duet),H. D. Carlton,Occult,4.4,15..13,2021,627,"143,181 ratings",2023,en,Fiction,
How to Catch a Dinosaur,Adam Wallace,Stories In Verse,4.8,6..94,2019,40,"17,046 ratings",2023,en,Juvenile Fiction,
Ugly Love: A Novel,Colleen Hoover,Family Life,4.6,9..02,2018,336,"159,921 ratings",2023,en,Fiction,
If Animals Kissed Good Night,Ann Whitford Paul,Parents,4.8,4..23,2009,34,"75,556 ratings",2023,en,Non Fiction,
Happy Place,Emily Henry,Feel-Good,4.2,12..48,2023,400,"98,701 ratings",2023,en,Fiction,
"Twisted Games (Twisted, 2)",Ana Huang,Contemporary,4.4,9..74,2022,448,"95,979 ratings",2023,es,Juvenile Fiction,
Chicka Chicka Boom Boom (Board Book),Bill Martin Jr.,Beginner Readers,4.9,4..30,2012,36,"40,253 ratings",2023,en,Juvenile Fiction,
Hello Beautiful (Oprah's Book Club): A Novel,Ann Napolitano,Family Life,4.4,14..78,2023,400,"100,473 ratings",2023,en,Fiction,
The Democrat Party Hates America,Mark R. Levin,Conservatism & Liberalism,4.8,14..25,2024,400,"5,412 ratings",2023,en,Political Science,
A Little Life,Hanya Yanagihara,Family Saga,4.5,12..85,2015,832,"80,980 ratings",2023,es,Fiction,
Meditations,Marcus Aurelius,Ancient Greek & Roman,4.7,8..18,1626,272,"25,824 ratings",2023,en,Philosophy,
Holly,Stephen King,Horror,4.5,16..50,1996,464,"38,503 ratings",2023,es,Fiction,
The Heaven & Earth Grocery Store: A Novel,James McBride,Historical,4.4,15..37,2003,400,"69,209 ratings",2023,en,Religion,
Scholastic Flash Cards: Sight Words,Scholastic Teacher Resources,Teaching Materials,4.8,2..88,2018,Unknown,"30,967 ratings",2023,en,Education,
Think and Grow Rich: The Landmark Bestseller Now Revised and Updated for the 21st Century (Think and Grow Rich Series),Napoleon Hill,Budgeting & Money Management,4.8,8..24,2007,320,"32,333 ratings",2023,en,Self-Help,
Daisy Jones & The Six: Reese's Book Club: A Novel,Taylor Jenkins Reid,Family Saga,4.4,9..33,2019,400,"91,405 ratings",2023,es,Fiction,
"A Court of Thorns and Roses Paperback Box Set (5 books) (A Court of Thorns and Roses, 9)",Sarah J. Maas,Paranormal,4.8,36..15,2022,2896,"44,685 ratings",2023,en,Fiction,
How to Win Friends & Influence People (Dale Carnegie Books),Dale Carnegie,Unknown,4.7,9..99,1913,320,"34,768 ratings",2023,en,Self-Help,
The Complete Cookbook for Young Chefs: 100+ Recipes that You'll Love to Cook and Eat,America’s Test Kitchen Kids,Daily Activities,4.8,10..70,2019,208,"24,382 ratings",2023,en,Juvenile Nonfiction,
"The Boy, the Mole, the Fox and the Horse: Inspiring Conversations on Hope, Love and Personal Growth",Charlie Mackesy,Contemporary Women,4.8,11..57,2019,128,"125,350 ratings",2023,en,Animals,
Can't Hurt Me: Master Your Mind and Defy the Odds,David Goggins,Motivational,4.8,19..99,2019,364,"101,562 ratings",2023,en,Health & Fitness,
The Complete Summer I Turned Pretty Trilogy (Boxed Set): The Summer I Turned Pretty; It's Not Summer Without You; We'll Always Have Summer,Jenny Han,Dating & Sex,4.8,19..00,2013,928,"12,531 ratings",2023,en,Young Adult Fiction,
The Exchange: After The Firm (The Firm Series),John Grisham,Political,4.0,11..78,2023,352,"67,539 ratings",2023,en,Fiction,
Dragons Love Tacos,Adam Rubin,"Dragons, Unicorns & Mythical",4.8,9..95,2012,40,"20,113 ratings",2023,en,Juvenile Fiction,
The Nightingale: A Novel,Kristin Hannah,World War II & Holocaust,4.7,6..78,2017,608,"359,120 ratings",2023,en,Fiction,
The Women: A Novel,Kristin Hannah,Historical,4.7,14..31,2024,480,"262,518 ratings",2024,en,Fiction,
"Onyx Storm (Deluxe Limited Edition) (The Empyrean, 3)",Rebecca Yarros,Epic,4.6,38..99,2025,544,"209,163 ratings",2024,,Fiction,
Atomic Habits: An Easy & Proven Way to Build Good Habits & Break Bad Ones,James Clear,Social Psychology & Interactions,4.8,14..20,2022,320,"139,885 ratings",2024,en,Non Fiction,
Hillbilly Elegy: A Memoir of a Family and Culture in Crisis,J. D. Vance,State & Local,4.4,8..28,2017,288,"120,337 ratings",2024,en,Social Science,
The Housemaid,Freida McFadden,Psychological,4.5,1..99,2022,336,"493,007 ratings",2024,es,Fiction,
"Mom, I Want to Hear Your Story: A Mother’s Guided Journal To Share Her Life & Her Love (Hear Your Story Books)",Jeffrey Mason,Motherhood,4.7,11..95,2021,108,"16,365 ratings",2024,en,Non Fiction,
"Dad, I Want to Hear Your Story: A Father’s Guided Journal To Share His Life & His Love (Hear Your Story Books)",Jeffrey Mason,Guided Journals,4.7,8..95,2020,110,"9,559 ratings",2024,en,Family & Relationships,
The Anxious Generation: How the Great Rewiring of Childhood Is Causing an Epidemic of Mental Illness,Jonathan Haidt,Teenagers,4.6,22..39,2024,400,"7,542 ratings",2024,en,Psychology,
It Ends with Us: A Novel (1),Colleen Hoover,"TV, Movie, Video Game Adaptations",4.7,9..03,2016,384,"395,981 ratings",2024,en,Fiction,
Good Energy: The Surprising Connection Between Metabolism and Limitless Health,Casey Means MD,Longevity,4.6,16..92,2024,400,"3,645 ratings",2024,en,Health & Fitness,
The 48 Laws of Power,Robert Greene,History & Theory,4.7,14..55,1998,452,"83,822 ratings",2024,en,Self-Help,
"A Court of Thorns and Roses (A Court of Thorns and Roses, 1)",Sarah J. Maas,Paranormal,4.6,10..05,2024,448,"279,098 ratings",2024,en,Fiction,
"Iron Flame (The Empyrean, 2)",Rebecca Yarros,Epic,4.7,2..99,2024,640,"331,761 ratings",2024,fr,Fiction,
Dog Man: The Scarlet Shedder: A Graphic Novel (Dog Man #12): From the Creator of Captain Underpants,Dav Pilkey,Superheroes,4.8,4.50,2024,224,"8,016 ratings",2024,en,Juvenile Fiction,
The Housemaid's Secret,Freida McFadden,Psychological Thrillers,4.4,9..38,2023,352,"275,832 ratings",2024,en,Fiction,
"Fourth Wing (The Empyrean, 1)",Rebecca Yarros,Fantasy,4.8,2..99,2023,528,"399,453 ratings",2024,fr,Fiction,
Melania,Melania Trump,U.S. Presidents,4.5,22..68,2020,256,"10,011 ratings",2024,en,Biography & Autobiography,
"The Body Keeps the Score: Brain, Mind, and Body in the Healing of Trauma",Bessel van der Kolk M.D.,Psychiatry,4.8,10..86,2019,464,"79,043 ratings",2024,en,Psychology,
It Starts with Us: A Novel (It Ends with Us),Colleen Hoover,Divorce,4.5,8..64,2022,336,"216,845 ratings",2024,en,Fiction,
"How To Draw Everything: 300 Drawings of Cute Stuff, Animals, Food, Gifts, and other Amazing Things | Book For Kids",Emma Greene,Drawing,4.7,10..90,2023,110,"3,500 ratings",2024,en,Art,
"Hot Mess (Diary of a Wimpy Kid Book 19) (Diary of a Wimpy Kid, 19) (Volume 19)",Jeff Kinney,Multigenerational,4.7,10..99,2024,224,"3,968 ratings",2024,en,Juvenile Fiction,
The Nightingale: A Novel,Kristin Hannah,World War II & Holocaust,4.7,6..78,2017,608,"359,087 ratings",2024,en,Fiction,
The Housemaid Is Watching,Freida McFadden,Psychological,4.2,9..38,2024,400,"207,196 ratings",2024,en,Fiction,
"Little Corner: Coloring Book for Adults and Teens, Super Cute Designs of Cozy, Hygge Spaces for Relaxation (Cozy Spaces Coloring)",Coco Wyo,Residential,4.7,7..99,2024,88,"6,099 ratings",2024,en,Games & Activities,
"The Psychology of Money: Timeless lessons on wealth, greed, and happiness",Morgan Housel,Motivation & Self-Improvement,4.7,22..39,2020,256,"61,641 ratings",2024,en,Business & Economics,
I Love You to the Moon and Back,Amelia Hepworth,Multigenerational,4.9,4..42,2015,28,"77,673 ratings",2024,en,Juvenile Fiction,
"A Court of Thorns and Roses Paperback Box Set (5 books) (A Court of Thorns and Roses, 9)",Sarah J. Maas,Paranormal,4.8,36..15,2022,2896,"44,679 ratings",2024,en,Fiction,
Dog Man: Big Jim Begins: A Graphic Novel (Dog Man #13): From the Creator of Captain Underpants,Dav Pilkey,Superheroes,4.8,4.50,2024,224,"4,570 ratings",2024,en,Juvenile Fiction,
The Four Agreements: A Practical Guide to Personal Freedom (A Toltec Wisdom Book),Don Miguel Ruiz,Personal Transformation,4.7,7..05,1997,160,"117,066 ratings",2024,en,Self-Help,
Cozy Friends: Coloring Book for Adults and Teens Featuring Super Cute Animal Characters with Easy and Simple Designs for Relaxation,Coco Wyo,Animals,4.8,7..99,2024,88,"5,426 ratings",2024,en,Games & Activities,
Never Lie,Freida McFadden,Murder,4.4,9..29,2022,304,"248,846 ratings",2024,en,Blizzards,
Outlive: The Science and Art of Longevity,Peter Attia MD,Medical Conditions & Diseases,4.6,18..00,2023,496,"17,466 ratings",2024,en,Health & Fitness,
Scholastic Flash Cards: Sight Words,Scholastic Teacher Resources,Teaching Materials,4.8,2..88,2018,Unknown,"30,967 ratings",2024,en,Education,
The Big Book of Silly Jokes for Kids,Carole P. Roman,Composition & Creative Writing,4.7,5..99,2019,160,"24,565 ratings",2024,en,Juvenile Nonfiction,
"The Demon of Unrest: A Saga of Hubris, Heartbreak, and Heroism at the Dawn of the Civil War",Erik Larson,American Civil War,4.5,19..25,2024,592,"13,441 ratings",2024,en,History,
Difficult Riddles For Smart Kids: 300 Difficult Riddles And Brain Teasers Families Will Love (Thinking Books for Kids),M Prefontaine,Party Games,4.6,7..99,2017,79,"33,632 ratings",2024,en,Lateral thinking puzzles,
"A Court of Frost and Starlight (A Court of Thorns and Roses, 4)",Sarah J. Maas,Paranormal,4.2,8..89,2019,272,"159,770 ratings",2024,en,Fiction,
"KJV Holy Bible, Giant Print Full-size Faux Leather Red Letter Edition - Thumb Index & Ribbon Marker, King James Version, Pink (KJV Full Size GP Editions)",Christian Art Publishers,Faith,4.9,17..95,2020,1400,"12,890 ratings",2024,en,Non Fiction,
The Lost Book of Herbal Remedies,Claude Davis,Reference,4.7,37.00,2020,304,"22,503 ratings",2024,en,Non Fiction,
Where's Bluey?: A Search-and-Find Book,Penguin Young Readers Licenses,Activity Books,4.8,5..67,2022,32,"8,191 ratings",2024,en,Juvenile Fiction,
"A Court of Silver Flames (A Court of Thorns and Roses, 5)",Sarah J. Maas,Paranormal,4.8,11..49,2022,784,"213,116 ratings",2024,en,Fiction,
First Lie Wins: Reese's Book Club: A Novel,Ashley Elston,Psychological Thrillers,4.3,9..78,2024,352,"86,645 ratings",2024,en,Fiction,
How to Win Friends & Influence People (Dale Carnegie Books),Dale Carnegie,Unknown,4.7,9..99,1913,320,"34,768 ratings",2024,en,Self-Help,
The Complete Cookbook for Young Chefs: 100+ Recipes that You'll Love to Cook and Eat,America’s Test Kitchen Kids,Daily Activities,4.8,10..70,2019,208,"24,382 ratings",2024,en,Juvenile Nonfiction,
The Teacher,Freida McFadden,Psychological Thrillers,4.3,10..03,2019,400,"198,322 ratings",2024,en,Fiction,
Just for the Summer,Abby Jimenez,Small Town & Rural,4.6,9..62,2024,432,"100,664 ratings",2024,es,Fiction,
Fuzzy Hygge: Cute and Cozy Coloring Book for Adults & Teens Featuring Adorable Animals Characters for Stress Relief (Fuzzy Friends Coloring),Vivi Tinta,Animals,4.8,7..99,2024,88,"4,036 ratings",2024,en,Art,
All the Colors of the Dark: A Read with Jenna Pick,Chris Whitaker,Kidnapping,4.6,19..53,2024,608,"63,761 ratings",2024,en,Fiction,
The Let Them Theory: A Life-Changing Tool That Millions of People Can't Stop Talking About,Mel Robbins,Motivation & Self-Improvement,4.6,19..95,2024,336,"14,454 ratings",2024,en,Self-Help,
The Wonderful Things You Will Be,Emily Winfield Martin,New Baby,4.9,10..71,2015,36,"31,479 ratings",2024,en,Juvenile Fiction,
"Murdle: Volume 1 (Murdle, 1)",G T Karber,Logic & Brain Teasers,4.6,8..71,2023,384,"4,109 ratings",2024,en,Games & Activities,
"Hello, Baby Animals: A Black-and-White Board Book for Babies That Helps Visual Development (High-Contrast Books)",duopress labs,Size & Shape,4.9,5..39,2016,20,"7,327 ratings",2024,en,Juvenile Nonfiction,
The Seven Husbands of Evelyn Hugo: A Novel,Taylor Jenkins Reid,Family Life,4.6,9..49,2018,400,"253,032 ratings",2024,en,Fiction,
8 Little Planets: A Solar System Book for Kids with Unique Planet Cutouts,Chris Ferrie,Stories In Verse,4.8,5..89,2018,18,"9,568 ratings",2024,en,Juvenile Nonfiction,
"From Crook to Cook: Platinum Recipes from Tha Boss Dogg's Kitchen (Snoop Dogg Cookbook, Celebrity Cookbook with Soul Food Recipes) (Snoop Dog x Chronicle Books)",Snoop Dogg,Soul Food,4.8,13..11,2018,192,"38,853 ratings",2024,en,Cooking,
What to Expect When You're Expecting: (Updated in 2024),Heidi Murkoff,Pregnancy & Childbirth,4.8,10..73,2016,656,"29,479 ratings",2024,en,Health & Fitness,
Be Ready When the Luck Happens: A Memoir,Ina Garten,Television Performers,4.6,19..28,2024,320,"10,506 ratings",2024,en,Biography & Autobiography,
Happy Birthday to You!,Dr. Seuss,Beginner Readers,4.8,7..49,1959,64,"16,476 ratings",2024,en,Birthdays,
If He Had Been with Me,Laura Nowlin,Dating & Sex,4.2,6..99,2013,400,"54,292 ratings",2024,en,Juvenile Fiction,
"Dad, I Want to Hear Your Story: A Father's Guided Journal to Share His Life & His Love",Jeffrey Mason,Fatherhood,4.7,16..79,2020,108,"9,559 ratings",2024,en,Family & Relationships,
The Let Them Theory: A Life-Changing Tool That Millions of People Can't Stop Talking About,Mel Robbins,Motivation & Self-Improvement,4.6,19..95,2024,336,"14,454 ratings",2025,en,Self-Help,
Sunrise on the Reaping (A Hunger Games Novel) (The Hunger Games),Suzanne Collins,Science Fiction,4.8,19..17,2025,400,"40,696 ratings",2025,en,Juvenile Fiction,
Forgotten Home Apothecary : 250 Powerful Remedies at Your Fingertips,Dr. Nicole Apelian,Reference,4.7,32..97,2024,288,"5,178 ratings",2025,en,Non Fiction,
"Onyx Storm (Deluxe Limited Edition) (The Empyrean, 3)",Rebecca Yarros,Epic,4.6,39..09,2025,544,"209,163 ratings",2025,,Fiction,
INNER EXCELLENCE: Train Your Mind for Extraordinary Performance and the Best Possible life,JIM MURPHY,Medicine & Psychology,4.7,14..99,2020,360,"2,071 ratings",2025,en,Self-Help,
Atomic Habits: An Easy & Proven Way to Build Good Habits & Break Bad Ones,James Clear,Social Psychology & Interactions,4.8,14..20,2022,320,"139,885 ratings",2025,en,Non Fiction,
The Housemaid,Freida McFadden,Psychological,4.5,1..99,2022,336,"493,007 ratings",2025,es,Fiction,
Girl Moments: Coloring Book for Adults and Teens Featuring Cute Cozy Daily Activities for Relaxation (Cozy Spaces Coloring),Coco Wyo,Fashion,4.8,7..99,2024,88,"4,186 ratings",2025,en,Games & Activities,
Cozy Friends: Coloring Book for Adults and Teens Featuring Super Cute Animal Characters with Easy and Simple Designs for Relaxation,Coco Wyo,Animals,4.8,7..99,2024,88,"5,426 ratings",2025,en,Games & Activities,
The Frozen River: A GMA Book Club Pick: A Novel,Ariel Lawhon,Biographical,4.6,13..31,2024,448,"67,893 ratings",2025,en,Fiction,
"Little Corner: Coloring Book for Adults and Teens, Super Cute Designs of Cozy, Hygge Spaces for Relaxation (Cozy Spaces Coloring)",Coco Wyo,Residential,4.7,7..99,2024,88,"6,099 ratings",2025,en,Games & Activities,
"Onyx Storm (Standard Edition) (The Empyrean, 3)",Rebecca Yarros,Epic,4.6,18..99,2025,544,"209,163 ratings",2025,,Fiction,
The Anxious Generation: How the Great Rewiring of Childhood Is Causing an Epidemic of Mental Illness,Jonathan Haidt,Teenagers,4.6,22..39,2024,400,"7,542 ratings",2025,en,Psychology,
The Nightingale: A Novel,Kristin Hannah,World War II & Holocaust,4.7,6..78,2017,608,"359,087 ratings",2025,en,Fiction,
"Stress Relief: Coloring Book for Adults and Kids, Bold and Easy, Simple and Big Designs for Relaxation Featuring Animals, Landscape, Flowers, Patterns, Cute Things And Many More (Bold & Easy Coloring)",Coco Wyo,Coloring Books,4.8,7..99,2024,110,"3,878 ratings",2025,en,Art,
The Women: A Novel,Kristin Hannah,Historical,4.7,14..31,2024,480,"262,518 ratings",2025,en,Fiction,
The Crash,Freida McFadden,Kidnapping,4.2,10..61,1955,384,"114,355 ratings",2025,en,Fiction,
"Iron Flame (The Empyrean, 2)",Rebecca Yarros,Epic,4.7,2..99,2024,640,"331,761 ratings",2025,fr,Fiction,
"My First Learn-to-Write Workbook: Practice for Kids with Pen Control, Line Tracing, Letters, and More!",Crystal Radke,Handwriting,4.8,5..26,2021,84,"86,559 ratings",2025,en,Juvenile Nonfiction,
I Love You Like No Otter: A Funny and Sweet Board Book for Babies and Toddlers (Punderland),Rose Rossner,Parents,4.9,5..37,2020,24,"12,798 ratings",2025,en,Non Fiction,
"The Body Keeps the Score: Brain, Mind, and Body in the Healing of Trauma",Bessel van der Kolk M.D.,Psychiatry,4.8,10..86,2019,464,"79,043 ratings",2025,en,Psychology,
Fahrenheit 451,Ray Bradbury,Censorship,4.6,9..05,1953,249,"55,133 ratings",2025,es,Comics & Graphic Novels,
The Housemaid's Secret,Freida McFadden,Psychological Thrillers,4.4,9..38,2023,352,"275,832 ratings",2025,en,Fiction,
James: A Novel,Percival Everett,Historical,4.6,17..06,2017,320,"64,489 ratings",2025,en,Fiction,
1984: 75th Anniversary,George Orwell,Censorship,4.6,9..78,1984,328,"117,019 ratings",2025,en,Fiction,
Dog Man: Big Jim Begins: A Graphic Novel (Dog Man #13): From the Creator of Captain Underpants,Dav Pilkey,Superheroes,4.8,8..27,2024,224,"4,570 ratings",2025,en,Juvenile Fiction,
The God of the Woods: A Novel,Liz Moore,Family Life,4.4,17..00,2024,496,"72,959 ratings",2025,en,Fiction,
The Very Hungry Caterpillar,Eric Carle,Counting,4.9,5..75,1969,26,"76,709 ratings",2025,en,Juvenile Fiction,
"The Psychology of Money: Timeless lessons on wealth, greed, and happiness",Morgan Housel,Motivation & Self-Improvement,4.7,22..39,2020,256,"61,641 ratings",2025,en,Business & Economics,
The Wedding People: A Novel,Alison Espach,Family Life,4.3,18..37,2024,384,"76,073 ratings",2025,en,Fiction,
My First Library: Boxset of 10 Board Books for Kids,Wonder House Books,Vocabulary & Spelling,4.6,15..06,2018,220,"82,979 ratings",2025,en,Young Adult Nonfiction,
Little Blue Truck's Valentine,Alice Schertle,Friendship,4.9,9..00,2020,20,"11,624 ratings",2025,en,Juvenile Fiction,
A Navy SEAL's Bug-In Guide: How to Turn Your House into the Safest Place on Earth,Joel Lambert,Water Supply & Land Use,4.6,20..81,2024,240,"1,652 ratings",2025,en,Emergency management,
The Handmaid's Tale,Margaret Atwood,Censorship,4.3,8..95,1985,311,"165,767 ratings",2025,en,Fiction,
Don't Believe Everything You Think: Why Your Thinking Is The Beginning & End Of Suffering (Beyond Suffering),Joseph Nguyen,Health & Stress,4.6,14..98,2022,127,"17,068 ratings",2025,en,Self-Help,
The Four Agreements: A Practical Guide to Personal Freedom (A Toltec Wisdom Book),Don Miguel Ruiz,Personal Transformation,4.7,7..05,1997,160,"117,066 ratings",2025,en,Self-Help,
Chicka Chicka Boom Boom (Board Book),Bill Martin Jr.,Beginner Readers,4.9,4..30,2012,36,"40,253 ratings",2025,en,Juvenile Fiction,
"KJV Holy Bible, Giant Print Full-size Faux Leather Red Letter Edition - Thumb Index & Ribbon Marker, King James Version, Pink (KJV Full Size GP Editions)",Christian Art Publishers,Faith,4.9,17..95,2020,1400,"12,890 ratings",2025,en,Non Fiction,
The Bible in 52 Weeks: A Yearlong Bible Study for Women,Dr. Kimberly D. Moore,New Testament,4.7,15..80,2020,208,"28,326 ratings",2025,en,Religion,
Good Energy: The Surprising Connection Between Metabolism and Limitless Health,Casey Means MD,Longevity,4.6,16..92,2024,400,"3,645 ratings",2025,en,Health & Fitness,
How to Catch a Leprechaun: A Saint Patrick's Day Book for Kids,Adam Wallace,Stories In Verse,4.8,10..02,2016,32,"11,346 ratings",2025,en,Juvenile Fiction,
"Careless People: A Cautionary Tale of Power, Greed, and Lost Idealism",Sarah Wynn-Williams,Scientists,4.6,23..09,2025,400,"2,978 ratings",2025,en,Social Science,
The House of My Mother: A Daughter's Quest for Freedom,Shari Franke,Cults,4.7,17..10,2025,320,"9,127 ratings",2025,en,Biography & Autobiography,
It's Not Easy Being a Bunny: An Early Reader Book for Kids (Beginner Books),Marilyn Sadler,Emotions & Feelings,4.8,5..98,1983,48,"20,261 ratings",2025,en,Juvenile Fiction,
Llama Llama I Love You,Anna Dewdney,Activity Books,4.8,5..68,2011,14,"11,955 ratings",2025,en,Juvenile Fiction,
A People's History of the United States,Howard Zinn,Women,4.7,10..64,1980,784,"15,637 ratings",2025,en,History,
"A Court of Thorns and Roses Paperback Box Set (5 books) (A Court of Thorns and Roses, 9)",Sarah J. Maas,Paranormal,4.8,36..15,2022,2896,"44,679 ratings",2025,en,Fiction,
Little Blue Truck's Springtime: An Easter And Springtime Book For Kids,Alice Schertle,Farm Life,4.8,7..57,2018,16,"16,497 ratings",2025,en,Juvenile Fiction,
Abundance,Ezra Klein,Economic Conditions,4.5,17..34,2006,304,"1,173 ratings",2025,en,Political Science,
Don't Believe Everything You Think (Expanded Edition): Why Your Thinking Is The Beginning & End Of Suffering (Graduation Gift) (Books By Joseph Nguyen),Joseph Nguyen,Happiness,4.6,12..54,2024,192,"17,068 ratings",2025,en,Self-Help,
100 First Words (Ms. Rachel) (Books by Ms. Rachel),Ms. Rachel,Words,4.8,7..98,2025,32,694 ratings,2025,en,Juvenile Fiction,
The Great Alone: A Novel,Kristin Hannah,Historical,4.6,8..72,2018,576,"178,153 ratings",2025,en,Fiction,
The Holistic Guide to Wellness : Herbal Protocols for Common Ailments,Nicole Apelian,Homeopathy,4.7,43..47,2023,320,"2,193 ratings",2025,en,Non Fiction,
The 5 Types of Wealth: A Transformative Guide to Design Your Dream Life,Sahil Bloom,Motivation & Self-Improvement,4.7,20..36,2025,400,"1,165 ratings",2025,en,Self-Help,
The Housemaid's Wedding: A Short Story,Freida McFadden,Urban Life,3.9,3..99,2024,84,"67,773 ratings",2025,en,Weddings,
"A Court of Thorns and Roses (A Court of Thorns and Roses, 1)",Sarah J. Maas,Paranormal,4.6,10..05,2024,448,"279,098 ratings",2025,en,Fiction,
Fuzzy Hygge: Cute and Cozy Coloring Book for Adults & Teens Featuring Adorable Animals Characters for Stress Relief (Fuzzy Friends Coloring),Vivi Tinta,Animals,4.8,7..99,2024,88,"4,036 ratings",2025,en,Art,
"Oh, the Places You'll Go!",Dr. Seuss,Classics,4.9,8..48,1990,56,"52,232 ratings",2025,en,Juvenile Fiction,
The Boyfriend,Freida McFadden,Murder,4.3,9..99,1990,368,"191,449 ratings",2025,en,Fiction,
What to Expect When You're Expecting: (Updated in 2024),Heidi Murkoff,Pregnancy & Childbirth,4.8,10..73,2016,656,"29,479 ratings",2025,en,Health & Fitness,
