title,author,genre,rating,price,year,reviews,amazon_year,Total Pages,Language,Categories
First 100 Words: A Padded Board Book,Roger Priddy,Vocabulary & Spelling,4.7,3..88,2011,"38,702 ratings",2015,24,en,Juvenile Nonfiction
The Life-Changing Magic of Tidying Up: The Japanese Art of Decluttering and Organizing,Marie Kondō,"Cleaning, Caretaking & Relocating",4.5,9..42,2017,"59,251 ratings",2015,226,en,House & Home
Laugh-Out-Loud Jokes for Kids,Rob Elliott,Humorous,4.6,4..64,2022,"12,124 ratings",2015,354,en,Juvenile Nonfiction
Secret Garden: An Inky Treasure Hunt and Coloring Book for Adults,Johanna Basford,Use of Color,4.7,10..18,2013,"15,936 ratings",2015,0,en,Art
StrengthsFinder 2.0,Gallup,Management,4.1,28..52,2007,"8,423 ratings",2015,384,es,Business & Economics
Go Set a Watchman: A Novel,Harper Lee,Cultural Heritage,3.8,12..95,2018,"54,070 ratings",2015,232,en,Fiction
"Enchanted Forest: An Inky Quest and Coloring book (Activity Books, Mindfulness and Meditation, Illustrated Floral Prints)",Johanna Basford,Coloring Books,4.8,14..19,2015,"8,419 ratings",2015,0,en,Education
All the Light We Cannot See,Anthony Doerr,World War II & Holocaust,4.5,12..93,2014,"232,429 ratings",2015,544,en,Fiction
The Girl on the Train,Paula Hawkins,Suspense,4.1,12..19,2014,"494,408 ratings",2015,416,en,Alcoholics
Adult Coloring Book: Stress Relieving Patterns,Blue Star Coloring,Use of Color,4.5,9..95,2015,"4,363 ratings",2015,0,en,Art
Diary of a Wimpy Kid #10: Old School,Jeff Kinney,School,4.7,8..68,2002,"33,749 ratings",2015,251,en,Juvenile Fiction
To Kill a Mockingbird,Harper Lee,Classics,4.7,21..68,1960,"141,116 ratings",2015,100,en,Fiction
Adult Coloring Book: Stress Relieving Animal Designs,Blue Star Coloring,Use of Color,4.6,9..95,2021,"4,001 ratings",2015,0,en,Art
"Adult Coloring Books: A Coloring Book for Adults Featuring Mandalas and Henna Inspired Flowers, Animals, and Paisley Patterns",Coloring Books for Adults,Animals,4.5,8..99,2015,"3,203 ratings",2015,102,en,Games
Humans of New York : Stories,Brandon Stanton,Cities,4.8,14..24,2015,"5,437 ratings",2015,434,en,Photography
The Martian,Andy Weir,"Mystery, Thriller & Suspense",4.6,8..99,1950,"176,360 ratings",2015,0,en,Astronauts
"Oh, the Places You'll Go!",Dr. Seuss,Classics,4.9,8..48,1990,"52,231 ratings",2015,56,en,Juvenile Fiction
Knock-Knock Jokes for Kids: Knock-Knock Jokes for Kids (Joke Book & Gift Idea for Children Ages 6-12. Doubles as a Dad Jokes book for Father's Day and Birthdays),Rob Elliott,Questions & Answers,4.5,4..64,2021,"6,123 ratings",2015,0,en,Knock-knock jokes
Dear Zoo: A Lift-the-Flap Book,Rod Campbell,Zoos,4.8,4..84,2007,"31,173 ratings",2015,18,en,Juvenile Nonfiction
The Day the Crayons Quit,Drew Daywalt,Fiction,4.8,9..50,2013,"24,358 ratings",2015,21,en,Juvenile Fiction
The Boys in the Boat: Nine Americans and Their Epic Quest for Gold at the 1936 Berlin Olympics,Daniel James Brown,State & Local,4.6,10..60,2019,"91,162 ratings",2015,418,en,Sports & Recreation
"Jesus Calling, Padded Hardcover, with Scripture References: Enjoying Peace in His Presence (A 365-Day Devotional)",Sarah Young,New Testament,4.9,9..09,2004,"41,717 ratings",2015,777,en,Religion
Mindset: The New Psychology of Success,Carol S. Dweck,Personal Finance,4.6,10..65,2021,"22,371 ratings",2015,,en,Non Fiction
"Grey: Fifty Shades of Grey as Told by Christian (Fifty Shades of Grey Series, 4)",E L James,Contemporary,4.5,12..12,2015,"118,522 ratings",2015,528,en,Fiction
Creative Haven Creative Cats Coloring Book (Adult Coloring Books: Pets),Marjorie Sarnat,Use of Color,4.8,6..50,2015,"5,290 ratings",2015,37,en,Art
How to Win Friends & Influence People (Dale Carnegie Books),Dale Carnegie,Unknown,4.7,9..99,1913,"34,769 ratings",2015,240,en,Self-Help
The 5 Love Languages: The Secret to Love that Lasts,Gary Chapman,Love & Romance,4.8,6..23,2016,"93,996 ratings",2015,183,en,Family & Relationships
Balance (Angie’s Extreme Stress Menders),Angie Grace,Papercrafts,4.6,11..95,2015,"2,295 ratings",2015,104,en,Crafts & Hobbies
Creative Haven Owls Coloring Book (Adult Coloring Books: Animals),Marjorie Sarnat,Use of Color,4.7,5..38,2015,"5,375 ratings",2015,37,en,Art
Thug Kitchen: The Official Cookbook: Eat Like You Give a F*ck (Thug Kitchen Cookbooks),Thug Kitchen,Vegan,4.6,14..93,2014,"15,132 ratings",2015,248,en,Cooking
First 100 Words: A Padded Board Book,Roger Priddy,Vocabulary & Spelling,4.7,3..88,2011,"38,702 ratings",2015,24,en,Juvenile Nonfiction
The Life-Changing Magic of Tidying Up: The Japanese Art of Decluttering and Organizing,Marie Kondō,"Cleaning, Caretaking & Relocating",4.5,9..42,2017,"59,251 ratings",2015,226,en,House & Home
Laugh-Out-Loud Jokes for Kids,Rob Elliott,Humorous,4.6,4..64,2022,"12,124 ratings",2015,354,en,Juvenile Nonfiction
Secret Garden: An Inky Treasure Hunt and Coloring Book for Adults,Johanna Basford,Use of Color,4.7,10..18,2013,"15,936 ratings",2015,0,en,Art
StrengthsFinder 2.0,Gallup,Management,4.1,28..52,2007,"8,423 ratings",2015,384,es,Business & Economics
Go Set a Watchman: A Novel,Harper Lee,Cultural Heritage,3.8,12..95,2018,"54,070 ratings",2015,232,en,Fiction
"Enchanted Forest: An Inky Quest and Coloring book (Activity Books, Mindfulness and Meditation, Illustrated Floral Prints)",Johanna Basford,Coloring Books,4.8,14..19,2015,"8,419 ratings",2015,0,en,Education
All the Light We Cannot See,Anthony Doerr,World War II & Holocaust,4.5,12..93,2014,"232,429 ratings",2015,544,en,Fiction
The Girl on the Train,Paula Hawkins,Suspense,4.1,12..19,2014,"494,408 ratings",2015,416,en,Alcoholics
Adult Coloring Book: Stress Relieving Patterns,Blue Star Coloring,Use of Color,4.5,9..95,2015,"4,363 ratings",2015,0,en,Art
Diary of a Wimpy Kid #10: Old School,Jeff Kinney,School,4.7,8..68,2002,"33,749 ratings",2015,251,en,Juvenile Fiction
To Kill a Mockingbird,Harper Lee,Classics,4.7,21..68,1960,"141,116 ratings",2015,100,en,Fiction
Adult Coloring Book: Stress Relieving Animal Designs,Blue Star Coloring,Use of Color,4.6,9..95,2021,"4,001 ratings",2015,0,en,Art
"Adult Coloring Books: A Coloring Book for Adults Featuring Mandalas and Henna Inspired Flowers, Animals, and Paisley Patterns",Coloring Books for Adults,Animals,4.5,8..99,2015,"3,203 ratings",2015,102,en,Games
Humans of New York : Stories,Brandon Stanton,Cities,4.8,14..24,2015,"5,437 ratings",2015,320,en,City and town life
The Martian,Andy Weir,"Mystery, Thriller & Suspense",4.6,8..99,1950,"176,360 ratings",2015,0,en,Astronauts
"Oh, the Places You'll Go!",Dr. Seuss,Classics,4.9,8..48,1990,"52,231 ratings",2015,56,en,Juvenile Fiction
Knock-Knock Jokes for Kids: Knock-Knock Jokes for Kids (Joke Book & Gift Idea for Children Ages 6-12. Doubles as a Dad Jokes book for Father's Day and Birthdays),Rob Elliott,Questions & Answers,4.5,4..64,2021,"6,123 ratings",2015,0,en,Knock-knock jokes
Dear Zoo: A Lift-the-Flap Book,Rod Campbell,Zoos,4.8,4..84,2007,"31,173 ratings",2015,18,en,Juvenile Nonfiction
The Day the Crayons Quit,Drew Daywalt,Fiction,4.8,9..50,2013,"24,358 ratings",2015,21,en,Juvenile Fiction
The Boys in the Boat: Nine Americans and Their Epic Quest for Gold at the 1936 Berlin Olympics,Daniel James Brown,State & Local,4.6,10..60,2019,"91,162 ratings",2015,418,en,Sports & Recreation
"Jesus Calling, Padded Hardcover, with Scripture References: Enjoying Peace in His Presence (A 365-Day Devotional)",Sarah Young,New Testament,4.9,9..09,2004,"41,717 ratings",2015,777,en,Religion
Mindset: The New Psychology of Success,Carol S. Dweck,Personal Finance,4.6,10..65,2021,"22,371 ratings",2015,,en,Non Fiction
"Grey: Fifty Shades of Grey as Told by Christian (Fifty Shades of Grey Series, 4)",E L James,Contemporary,4.5,12..12,2015,"118,522 ratings",2015,528,en,Fiction
Creative Haven Creative Cats Coloring Book (Adult Coloring Books: Pets),Marjorie Sarnat,Use of Color,4.8,6..50,2015,"5,290 ratings",2015,37,en,Art
How to Win Friends & Influence People (Dale Carnegie Books),Dale Carnegie,Unknown,4.7,9..99,1913,"34,769 ratings",2015,240,en,Self-Help
The 5 Love Languages: The Secret to Love that Lasts,Gary Chapman,Love & Romance,4.8,6..23,2016,"93,996 ratings",2015,183,en,Family & Relationships
Balance (Angie’s Extreme Stress Menders),Angie Grace,Papercrafts,4.6,11..95,2015,"2,295 ratings",2015,104,en,Crafts & Hobbies
Creative Haven Owls Coloring Book (Adult Coloring Books: Animals),Marjorie Sarnat,Use of Color,4.7,5..38,2015,"5,375 ratings",2015,37,en,Art
Thug Kitchen: The Official Cookbook: Eat Like You Give a F*ck (Thug Kitchen Cookbooks),Thug Kitchen,Vegan,4.6,14..93,2014,"15,132 ratings",2015,248,en,Cooking
"Harry Potter and the Cursed Child, Parts 1 & 2, Special Rehearsal Edition Script",J.K. Rowling,Fantasy & Magic,4.3,12..86,2016,"106,742 ratings",2016,0,en,
StrengthsFinder 2.0,Gallup,Management,4.1,28..52,2007,"8,423 ratings",2016,384,es,Business & Economics
First 100 Words: A Padded Board Book,Roger Priddy,Vocabulary & Spelling,4.7,3..88,2011,"38,702 ratings",2016,24,en,Juvenile Nonfiction
The Life-Changing Magic of Tidying Up: The Japanese Art of Decluttering and Organizing,Marie Kondō,"Cleaning, Caretaking & Relocating",4.5,9..42,2017,"59,251 ratings",2016,226,en,House & Home
"Oh, the Places You'll Go!",Dr. Seuss,Classics,4.9,8..48,1990,"52,231 ratings",2016,56,en,Juvenile Fiction
Diary of a Wimpy Kid #11: Double Down,Jeff Kinney,Friendship,4.7,13..95,2002,"30,604 ratings",2016,251,en,Juvenile Fiction
When Breath Becomes Air,Paul Kalanithi,General Surgery,4.7,15..54,2016,"109,617 ratings",2016,260,en,Biography & Autobiography
Giraffes Can't Dance,Giles Andreae,Dance,4.8,6..50,1999,"29,658 ratings",2016,33,en,Juvenile Fiction
The 5 Love Languages: The Secret to Love that Lasts,Gary Chapman,Love & Romance,4.8,6..23,2016,"93,996 ratings",2016,183,en,Family & Relationships
The Whole30: The 30-Day Guide to Total Health and Food Freedom,Melissa Hartwig Urban,Reference,4.6,16..51,2015,"16,802 ratings",2016,435,en,Cooking
A Man Called Ove: A Novel,Fredrik Backman,Friendship,4.6,8..93,2018,"197,869 ratings",2016,368,en,Fiction
Killing the Rising Sun: How America Vanquished World War II Japan (Bill O'Reilly's Killing Series),Bill O'Reilly,United States,4.6,12..98,2016,"21,571 ratings",2016,334,en,History
How to Win Friends & Influence People (Dale Carnegie Books),Dale Carnegie,Unknown,4.7,9..99,1913,"34,769 ratings",2016,240,en,Self-Help
The Magnolia Story,Chip Gaines,Family & Relationships,4.7,11..00,2016,"21,941 ratings",2016,214,en,Biography & Autobiography
Laugh-Out-Loud Jokes for Kids,Rob Elliott,Humorous,4.6,4..64,2022,"12,124 ratings",2016,354,en,Juvenile Nonfiction
To Kill a Mockingbird,Harper Lee,Classics,4.7,21..68,1960,"141,116 ratings",2016,100,en,Fiction
Hillbilly Elegy: A Memoir of a Family and Culture in Crisis,J. D. Vance,State & Local,4.4,12..26,2017,"120,336 ratings",2016,270,en,Social Science
Fantastic Beasts and Where to Find Them: The Original Screenplay (Harry Potter),J.K. Rowling,Film,4.6,11..63,2016,"15,873 ratings",2016,240,en,Performing Arts
Hamilton: The Revolution,Lin-Manuel Miranda,Broadway & Musicals,4.9,23..38,2021,"14,572 ratings",2016,0,en,Performing Arts
The Girl on the Train,Paula Hawkins,Suspense,4.1,8..83,2014,"494,408 ratings",2016,416,en,Alcoholics
Mindset: The New Psychology of Success,Carol S. Dweck,Personal Finance,4.6,10..65,2021,"22,371 ratings",2016,,en,Non Fiction
"The Official SAT Study Guide, 2016 Edition",The College Board,SAT,4.4,8..84,2015,"1,123 ratings",2016,1421,en,Study Aids
"Adult Coloring Book Designs: Stress Relief Coloring Book: Garden Designs, Mandalas, Animals, and Paisley Patterns",Adult Coloring Book Designs,Animals,4.5,8..99,2015,"3,169 ratings",2016,98,en,
The Four Agreements: A Practical Guide to Personal Freedom (A Toltec Wisdom Book),Don Miguel Ruiz,Personal Transformation,4.7,7..05,1997,"117,066 ratings",2016,161,en,Self-Help
Milk and Honey,Rupi Kaur,Religious,4.7,7..83,2014,"63,943 ratings",2016,226,en,"Body, Mind & Spirit"
The Going To Bed Book,Sandra Boynton,Counting,4.8,3..86,1982,"18,895 ratings",2016,7,en,Juvenile Fiction
Born to Run,Bruce Springsteen,Rock,4.6,13..10,2009,"13,345 ratings",2016,528,en,Biography & Autobiography
Alexander Hamilton,Ron Chernow,United States,4.7,12..12,2004,"32,400 ratings",2016,1518,pt-BR,Biography & Autobiography
The Very Hungry Caterpillar,Eric Carle,Counting,4.9,5..75,1969,"76,709 ratings",2016,30,en,Juvenile Fiction
The 7 Habits of Highly Effective People: Powerful Lessons in Personal Change,Stephen R. Covey,Leadership & Motivation,4.7,19..75,2019,"9,508 ratings",2016,388,en,Self-Help
"Harry Potter and the Cursed Child, Parts 1 & 2, Special Rehearsal Edition Script",J.K. Rowling,Fantasy & Magic,4.3,12..86,2016,"106,742 ratings",2016,0,en,
StrengthsFinder 2.0,Gallup,Management,4.1,28..52,2007,"8,423 ratings",2016,384,es,Business & Economics
First 100 Words: A Padded Board Book,Roger Priddy,Vocabulary & Spelling,4.7,3..88,2011,"38,702 ratings",2016,24,en,Juvenile Nonfiction
The Life-Changing Magic of Tidying Up: The Japanese Art of Decluttering and Organizing,Marie Kondō,"Cleaning, Caretaking & Relocating",4.5,9..42,2017,"59,251 ratings",2016,226,en,House & Home
"Oh, the Places You'll Go!",Dr. Seuss,Classics,4.9,8..48,1990,"52,231 ratings",2016,56,en,Juvenile Fiction
Diary of a Wimpy Kid #11: Double Down,Jeff Kinney,Friendship,4.7,13..95,2002,"30,605 ratings",2016,251,en,Juvenile Fiction
When Breath Becomes Air,Paul Kalanithi,General Surgery,4.7,15..54,2016,"109,617 ratings",2016,260,en,Biography & Autobiography
Giraffes Can't Dance,Giles Andreae,Dance,4.8,6..50,1999,"29,658 ratings",2016,33,en,Juvenile Fiction
The 5 Love Languages: The Secret to Love that Lasts,Gary Chapman,Love & Romance,4.8,6..23,2016,"93,996 ratings",2016,183,en,Family & Relationships
The Whole30: The 30-Day Guide to Total Health and Food Freedom,Melissa Hartwig Urban,Reference,4.6,16..51,2015,"16,802 ratings",2016,435,en,Cooking
A Man Called Ove: A Novel,Fredrik Backman,Friendship,4.6,8..93,2018,"197,869 ratings",2016,352,en,Fiction
Killing the Rising Sun: How America Vanquished World War II Japan (Bill O'Reilly's Killing Series),Bill O'Reilly,United States,4.6,12..98,2016,"21,571 ratings",2016,334,en,History
How to Win Friends & Influence People (Dale Carnegie Books),Dale Carnegie,Unknown,4.7,9..99,1913,"34,769 ratings",2016,240,en,Self-Help
The Magnolia Story,Chip Gaines,Family & Relationships,4.7,11..00,2016,"21,941 ratings",2016,214,en,Biography & Autobiography
Laugh-Out-Loud Jokes for Kids,Rob Elliott,Humorous,4.6,4..64,2022,"12,124 ratings",2016,354,en,Juvenile Nonfiction
To Kill a Mockingbird,Harper Lee,Classics,4.7,21..68,1960,"141,116 ratings",2016,100,en,Fiction
Hillbilly Elegy: A Memoir of a Family and Culture in Crisis,J. D. Vance,State & Local,4.4,12..26,2017,"120,336 ratings",2016,270,en,Social Science
Fantastic Beasts and Where to Find Them: The Original Screenplay (Harry Potter),J.K. Rowling,Film,4.6,11..63,2016,"15,873 ratings",2016,240,en,Performing Arts
Hamilton: The Revolution,Lin-Manuel Miranda,Broadway & Musicals,4.9,23..38,2021,"14,572 ratings",2016,0,en,Performing Arts
The Girl on the Train,Paula Hawkins,Suspense,4.1,8..83,2014,"494,408 ratings",2016,416,en,Alcoholics
Mindset: The New Psychology of Success,Carol S. Dweck,Personal Finance,4.6,10..65,2021,"22,371 ratings",2016,,en,Non Fiction
"The Official SAT Study Guide, 2016 Edition",The College Board,SAT,4.4,8..84,2015,"1,123 ratings",2016,1421,en,Study Aids
"Adult Coloring Book Designs: Stress Relief Coloring Book: Garden Designs, Mandalas, Animals, and Paisley Patterns",Adult Coloring Book Designs,Animals,4.5,8..99,2015,"3,169 ratings",2016,98,en,
The Four Agreements: A Practical Guide to Personal Freedom (A Toltec Wisdom Book),Don Miguel Ruiz,Personal Transformation,4.7,7..05,1997,"117,066 ratings",2016,161,en,Self-Help
Milk and Honey,Rupi Kaur,Religious,4.7,7..83,2014,"63,943 ratings",2016,226,en,"Body, Mind & Spirit"
The Going To Bed Book,Sandra Boynton,Counting,4.8,3..86,1982,"18,895 ratings",2016,7,en,Juvenile Fiction
Born to Run,Bruce Springsteen,Rock,4.6,13..10,2009,"13,345 ratings",2016,528,en,Biography & Autobiography
Alexander Hamilton,Ron Chernow,United States,4.7,12..12,2004,"32,400 ratings",2016,1518,pt-BR,Biography & Autobiography
The Very Hungry Caterpillar,Eric Carle,Counting,4.9,5..75,1969,"76,709 ratings",2016,30,en,Juvenile Fiction
The 7 Habits of Highly Effective People: Powerful Lessons in Personal Change,Stephen R. Covey,Leadership & Motivation,4.7,19..75,2019,"9,508 ratings",2016,388,en,Self-Help
Wonder,R. J. Palacio,Unknown,4.8,11..72,1899,"67,126 ratings",2017,322,en,Juvenile Fiction
Milk and Honey,Rupi Kaur,Religious,4.7,7..83,2014,"63,942 ratings",2017,226,en,"Body, Mind & Spirit"
Giraffes Can't Dance,Giles Andreae,Dance,4.8,6..50,1999,"29,658 ratings",2017,33,en,Juvenile Fiction
The Subtle Art of Not Giving a F*ck: A Counterintuitive Approach to Living a Good Life,Mark Manson,Happiness,4.5,10..05,2016,"151,830 ratings",2017,197,en,Self-Help
The Getaway (Diary of a Wimpy Kid),Jeff Kinney,Family Life,4.7,12..51,2017,"32,375 ratings",2017,228,en,Juvenile Fiction
The Instant Pot Electric Pressure Cooker Cookbook: Easy Recipes for Fast & Healthy Meals,Laurel Randolph,Poultry,4.4,7..85,2016,"13,425 ratings",2017,176,en,
Hillbilly Elegy: A Memoir of a Family and Culture in Crisis,J. D. Vance,State & Local,4.4,12..26,2017,"120,336 ratings",2017,270,en,Social Science
Astrophysics for People in a Hurry,Neil deGrasse Tyson,Astrophysics & Space Science,4.6,10..79,2017,"36,972 ratings",2017,140,en,Science
First 100 Words: A Padded Board Book,Roger Priddy,Vocabulary & Spelling,4.7,3..88,2011,"38,702 ratings",2017,24,en,Juvenile Nonfiction
The Whole30: The 30-Day Guide to Total Health and Food Freedom,Melissa Hartwig Urban,Reference,4.6,16..51,2015,"16,802 ratings",2017,435,en,Cooking
The Handmaid's Tale,Margaret Atwood,Censorship,4.3,8..95,1985,"165,764 ratings",2017,332,en,Fiction
The 5 Love Languages: The Secret to Love that Lasts,Gary Chapman,Love & Romance,4.8,6..23,2016,"93,996 ratings",2017,183,en,Family & Relationships
You Are a Badass: How to Stop Doubting Your Greatness and Start Living an Awesome Life,Jen Sincero,Happiness,4.7,9..35,2021,"47,164 ratings",2017,290,en,Self-Help
What Happened,Hillary Rodham Clinton,Civics & Citizenship,4.5,13..69,2009,"11,186 ratings",2017,547,en,Biography & Autobiography
"Oh, the Places You'll Go!",Dr. Seuss,Classics,4.9,8..48,1990,"52,231 ratings",2017,56,en,Juvenile Fiction
Make Your Bed: Little Things That Can Change Your Life...And Maybe the World,Admiral William H. McRaven,Happiness,4.7,11..43,2019,"47,841 ratings",2017,89,en,Self-Help
1984: 75th Anniversary,George Orwell,Censorship,4.6,9..78,1984,"117,018 ratings",2017,308,en,Fiction
How to Win Friends & Influence People (Dale Carnegie Books),Dale Carnegie,Unknown,4.7,9..99,1913,"34,769 ratings",2017,240,en,Self-Help
Origin: A Novel (Robert Langdon),Dan Brown,Crime,4.3,19..83,2017,"140,470 ratings",2017,521,en,Fiction
A Man Called Ove: A Novel,Fredrik Backman,Friendship,4.6,8..93,2018,"197,861 ratings",2017,352,en,Fiction
The Sun and Her Flowers,Rupi Kaur,Canadian,4.7,8..36,2017,"23,288 ratings",2017,256,en,Poetry
Dear Zoo: A Lift-the-Flap Book,Rod Campbell,Zoos,4.8,4..84,2007,"31,173 ratings",2017,18,en,Juvenile Nonfiction
The Four Agreements: A Practical Guide to Personal Freedom (A Toltec Wisdom Book),Don Miguel Ruiz,Personal Transformation,4.7,7..05,1997,"117,066 ratings",2017,161,en,Self-Help
The Going To Bed Book,Sandra Boynton,Counting,4.8,3..86,1982,"18,895 ratings",2017,7,en,Juvenile Fiction
StrengthsFinder 2.0,Gallup,Management,4.1,28..52,2007,"8,423 ratings",2017,384,es,Business & Economics
The Wonderful Things You Will Be,Emily Winfield Martin,New Baby,4.9,10..71,2015,"31,478 ratings",2017,38,en,Juvenile Fiction
The Shack: Where Tragedy Confronts Eternity,William P. Young,Mystery & Suspense,4.6,10..62,2007,"41,658 ratings",2017,0,en,
The Life-Changing Magic of Tidying Up: The Japanese Art of Decluttering and Organizing,Marie Kondō,"Cleaning, Caretaking & Relocating",4.5,9..42,2017,"59,251 ratings",2017,226,en,House & Home
"Option B: Facing Adversity, Building Resilience, and Finding Joy",Sheryl Sandberg,Grief & Bereavement,4.4,16..21,2017,"7,924 ratings",2017,241,en,Biography & Autobiography
Thug Kitchen: The Official Cookbook: Eat Like You Give a F*ck (Thug Kitchen Cookbooks),Thug Kitchen,Vegan,4.6,14..93,2014,"15,132 ratings",2017,248,en,Cooking
Wonder,R. J. Palacio,Unknown,4.8,11..72,1899,"67,126 ratings",2017,322,en,Juvenile Fiction
Milk and Honey,Rupi Kaur,Religious,4.7,7..83,2014,"63,943 ratings",2017,226,en,"Body, Mind & Spirit"
Giraffes Can't Dance,Giles Andreae,Dance,4.8,6..50,1999,"29,658 ratings",2017,33,en,Juvenile Fiction
The Subtle Art of Not Giving a F*ck: A Counterintuitive Approach to Living a Good Life,Mark Manson,Happiness,4.5,10..05,2016,"151,830 ratings",2017,197,en,Self-Help
The Getaway (Diary of a Wimpy Kid),Jeff Kinney,Family Life,4.7,12..51,2017,"32,378 ratings",2017,228,en,Juvenile Fiction
The Instant Pot Electric Pressure Cooker Cookbook: Easy Recipes for Fast & Healthy Meals,Laurel Randolph,Poultry,4.4,7..85,2016,"13,425 ratings",2017,176,en,
Hillbilly Elegy: A Memoir of a Family and Culture in Crisis,J. D. Vance,State & Local,4.4,12..26,2017,"120,336 ratings",2017,270,en,Social Science
Astrophysics for People in a Hurry,Neil deGrasse Tyson,Astrophysics & Space Science,4.6,10..79,2017,"36,972 ratings",2017,140,en,Science
First 100 Words: A Padded Board Book,Roger Priddy,Vocabulary & Spelling,4.7,3..88,2011,"38,702 ratings",2017,24,en,Juvenile Nonfiction
The Whole30: The 30-Day Guide to Total Health and Food Freedom,Melissa Hartwig Urban,Reference,4.6,16..51,2015,"16,802 ratings",2017,435,en,Cooking
The Handmaid's Tale,Margaret Atwood,Censorship,4.3,8..95,1985,"165,764 ratings",2017,332,en,Fiction
The 5 Love Languages: The Secret to Love that Lasts,Gary Chapman,Love & Romance,4.8,6..23,2016,"93,996 ratings",2017,183,en,Family & Relationships
You Are a Badass: How to Stop Doubting Your Greatness and Start Living an Awesome Life,Jen Sincero,Happiness,4.7,9..35,2021,"47,164 ratings",2017,290,en,Self-Help
What Happened,Hillary Rodham Clinton,Civics & Citizenship,4.5,13..69,2009,"11,186 ratings",2017,547,en,Biography & Autobiography
"Oh, the Places You'll Go!",Dr. Seuss,Classics,4.9,8..48,1990,"52,231 ratings",2017,56,en,Juvenile Fiction
Make Your Bed: Little Things That Can Change Your Life...And Maybe the World,Admiral William H. McRaven,Happiness,4.7,11..43,2019,"47,841 ratings",2017,89,en,Self-Help
1984: 75th Anniversary,George Orwell,Censorship,4.6,9..78,1984,"117,018 ratings",2017,308,en,Fiction
How to Win Friends & Influence People (Dale Carnegie Books),Dale Carnegie,Unknown,4.7,9..99,1913,"34,769 ratings",2017,240,en,Self-Help
Origin: A Novel (Robert Langdon),Dan Brown,Crime,4.3,19..83,2017,"140,470 ratings",2017,521,en,Fiction
A Man Called Ove: A Novel,Fredrik Backman,Friendship,4.6,8..93,2018,"197,869 ratings",2017,352,en,Fiction
The Sun and Her Flowers,Rupi Kaur,Canadian,4.7,8..36,2017,"23,288 ratings",2017,256,en,Poetry
Dear Zoo: A Lift-the-Flap Book,Rod Campbell,Zoos,4.8,4..84,2007,"31,173 ratings",2017,18,en,Juvenile Nonfiction
The Four Agreements: A Practical Guide to Personal Freedom (A Toltec Wisdom Book),Don Miguel Ruiz,Personal Transformation,4.7,7..05,1997,"117,066 ratings",2017,161,en,Self-Help
The Going To Bed Book,Sandra Boynton,Counting,4.8,3..86,1982,"18,895 ratings",2017,7,en,Juvenile Fiction
StrengthsFinder 2.0,Gallup,Management,4.1,28..52,2007,"8,423 ratings",2017,384,es,Business & Economics
The Wonderful Things You Will Be,Emily Winfield Martin,New Baby,4.9,10..71,2015,"31,478 ratings",2017,38,en,Juvenile Fiction
The Shack: Where Tragedy Confronts Eternity,William P. Young,Mystery & Suspense,4.6,10..62,2007,"41,658 ratings",2017,0,en,
The Life-Changing Magic of Tidying Up: The Japanese Art of Decluttering and Organizing,Marie Kondō,"Cleaning, Caretaking & Relocating",4.5,9..42,2017,"59,251 ratings",2017,226,en,House & Home
"Option B: Facing Adversity, Building Resilience, and Finding Joy",Sheryl Sandberg,Grief & Bereavement,4.4,16..21,2017,"7,924 ratings",2017,241,en,Biography & Autobiography
Thug Kitchen: The Official Cookbook: Eat Like You Give a F*ck (Thug Kitchen Cookbooks),Thug Kitchen,Vegan,4.6,14..93,2014,"15,132 ratings",2017,248,en,Cooking
Becoming,Michelle Obama,Black & African American,4.8,14..69,2016,"204,695 ratings",2018,598,id,Biography & Autobiography
"Girl, Wash Your Face: Stop Believing the Lies About Who You Are So You Can Become Who You Were Meant to Be",Rachel Hollis,Faith,4.5,12..58,2018,"41,351 ratings",2018,241,en,Self-Help
The Wonky Donkey,Craig Smith,Farm Animals,4.8,5..28,2010,"85,160 ratings",2018,144,en,Animals
Fire and Fury: Inside the Trump White House,Michael Wolff,U.S. Presidents,4.0,5..99,2018,"48,821 ratings",2018,364,en,Political Science
Fear: Trump in the White House,Bob Woodward,U.S. Presidents,4.4,19..32,2018,"19,523 ratings",2018,448,en,Political Science
Last Week Tonight with John Oliver Presents: A Day in the Life of Marlon Bundo (HBO),Jill Twiss,Marriage & Divorce,4.9,11..05,2018,"16,712 ratings",2018,,,
12 Rules for Life: An Antidote to Chaos,Jordan B. Peterson,Applied Psychology,4.7,14..08,2018,"82,467 ratings",2018,449,en,Psychology
Magnolia Table,Joanna Gaines,Southern,4.8,20..95,2020,"35,775 ratings",2018,537,en,Cooking
Whose Boat Is This Boat?: Comments That Don't Help in the Aftermath of a Hurricane,The Staff of The Late Show with Stephen Colbert,Parodies,4.6,12..00,2018,"10,547 ratings",2018,26,en,Humor
The Subtle Art of Not Giving a F*ck: A Counterintuitive Approach to Living a Good Life,Mark Manson,Happiness,4.5,10..05,2016,"151,818 ratings",2018,197,en,Self-Help
"A Higher Loyalty: Truth, Lies, and Leadership",James Comey,National,4.6,12..99,2018,"17,467 ratings",2018,342,en,Biography & Autobiography
The Complete Ketogenic Diet for Beginners: Your Essential Guide to Living the Keto Lifestyle,Amy Ramos,Low Carbohydrate,4.2,6..30,2016,"27,571 ratings",2018,287,en,Cooking
Diary of a Wimpy Kid #13: Meltdown,Jeff Kinney,Literature & Fiction,4.8,10..75,2002,"32,941 ratings",2018,251,en,Juvenile Fiction
The 5 Love Languages: The Secret to Love that Lasts,Gary Chapman,Love & Romance,4.8,6..23,2016,"93,993 ratings",2018,183,en,Family & Relationships
First 100 Words: A Padded Board Book,Roger Priddy,Vocabulary & Spelling,4.7,3..88,2011,"38,702 ratings",2018,24,en,Juvenile Nonfiction
Dog Man: Lord of the Fleas: From the Creator of Captain Underpants (Dog Man #5),Dav Pilkey,Superheroes,4.8,15..54,2018,"20,664 ratings",2018,256,en,Juvenile Fiction
Educated: A Memoir,Tara Westover,Women,4.6,11..98,2020,"221,152 ratings",2018,363,en,Biography & Autobiography
You Are a Badass: How to Stop Doubting Your Greatness and Start Living an Awesome Life,Jen Sincero,Happiness,4.7,9..35,2021,"47,164 ratings",2018,290,en,Self-Help
"The Plant Paradox: The Hidden Dangers in ""Healthy"" Foods That Cause Disease and Weight Gain (The Plant Paradox, 1)",Dr. Steven R Gundry  MD,Weight Loss,4.4,14..46,2017,"16,908 ratings",2018,303,en,Health & Fitness
Giraffes Can't Dance,Giles Andreae,Dance,4.8,6..50,1999,"29,656 ratings",2018,33,en,Juvenile Fiction
D&D 2014 Player's Handbook (Dungeons & Dragons Core Rulebook),Dungeons & Dragons,Reference,4.9,49..95,1951,"54,157 ratings",2018,484,es,
Homebody: A Guide to Creating Spaces You Never Want to Leave,Joanna Gaines,Design & Construction,4.8,23..98,2018,"12,004 ratings",2018,525,en,House & Home
The Very Hungry Caterpillar,Eric Carle,Counting,4.9,5..75,1969,"76,705 ratings",2018,30,en,Juvenile Fiction
Crazy Rich Asians (Crazy Rich Asians Trilogy),Kevin Kwan,Family Life,4.3,9..90,2018,"54,189 ratings",2018,,en,
The Hate U Give: A Printz Honor Winner,Angie Thomas,Depression & Mental Health,4.7,8..62,2017,"49,847 ratings",2018,447,en,Young Adult Fiction
The Instant Pot Electric Pressure Cooker Cookbook: Easy Recipes for Fast & Healthy Meals,Laurel Randolph,Poultry,4.4,7..85,2016,"13,425 ratings",2018,176,en,
The Four Agreements: A Practical Guide to Personal Freedom (A Toltec Wisdom Book),Don Miguel Ruiz,Personal Transformation,4.7,7..05,1997,"117,058 ratings",2018,161,en,Self-Help
The Wonderful Things You Will Be,Emily Winfield Martin,New Baby,4.9,10..71,2015,"31,471 ratings",2018,38,en,Juvenile Fiction
P is for Potty! (Sesame Street) (Lift-the-Flap),Naomi Kleinberg,Toilet Training,4.7,6..36,2014,"32,253 ratings",2018,0,en,Juvenile Fiction
The Pout-Pout Fish,Deborah Diesen,Emotions & Feelings,4.8,4..50,2013,"27,062 ratings",2018,15,en,Juvenile Fiction
Becoming,Michelle Obama,Black & African American,4.8,14..69,2016,"204,695 ratings",2018,598,id,Biography & Autobiography
"Girl, Wash Your Face: Stop Believing the Lies About Who You Are So You Can Become Who You Were Meant to Be",Rachel Hollis,Faith,4.5,12..58,2018,"41,351 ratings",2018,241,en,Self-Help
The Wonky Donkey,Craig Smith,Farm Animals,4.8,5..28,2010,"85,160 ratings",2018,144,en,Animals
Fire and Fury: Inside the Trump White House,Michael Wolff,U.S. Presidents,4.0,5..99,2018,"48,821 ratings",2018,364,en,Political Science
Fear: Trump in the White House,Bob Woodward,U.S. Presidents,4.4,19..32,2018,"19,523 ratings",2018,448,en,Political Science
Last Week Tonight with John Oliver Presents: A Day in the Life of Marlon Bundo (HBO),Jill Twiss,Marriage & Divorce,4.9,11..05,2018,"16,712 ratings",2018,,,
12 Rules for Life: An Antidote to Chaos,Jordan B. Peterson,Applied Psychology,4.7,14..08,2018,"82,467 ratings",2018,449,en,Psychology
Magnolia Table,Joanna Gaines,Southern,4.8,20..95,2020,"35,775 ratings",2018,537,en,Cooking
Whose Boat Is This Boat?: Comments That Don't Help in the Aftermath of a Hurricane,The Staff of The Late Show with Stephen Colbert,Parodies,4.6,12..00,2018,"10,547 ratings",2018,26,en,Humor
The Subtle Art of Not Giving a F*ck: A Counterintuitive Approach to Living a Good Life,Mark Manson,Happiness,4.5,10..05,2016,"151,818 ratings",2018,197,en,Self-Help
"A Higher Loyalty: Truth, Lies, and Leadership",James Comey,National,4.6,12..99,2018,"17,467 ratings",2018,342,en,Biography & Autobiography
The Complete Ketogenic Diet for Beginners: Your Essential Guide to Living the Keto Lifestyle,Amy Ramos,Low Carbohydrate,4.2,6..30,2016,"27,571 ratings",2018,287,en,Cooking
Diary of a Wimpy Kid #13: Meltdown,Jeff Kinney,Literature & Fiction,4.8,10..75,2002,"32,941 ratings",2018,251,en,Juvenile Fiction
The 5 Love Languages: The Secret to Love that Lasts,Gary Chapman,Love & Romance,4.8,6..23,2016,"93,993 ratings",2018,183,en,Family & Relationships
First 100 Words: A Padded Board Book,Roger Priddy,Vocabulary & Spelling,4.7,3..88,2011,"38,702 ratings",2018,24,en,Juvenile Nonfiction
Dog Man: Lord of the Fleas: From the Creator of Captain Underpants (Dog Man #5),Dav Pilkey,Superheroes,4.8,15..54,2018,"20,664 ratings",2018,256,en,Juvenile Fiction
Educated: A Memoir,Tara Westover,Women,4.6,11..98,2020,"221,152 ratings",2018,363,en,Biography & Autobiography
You Are a Badass: How to Stop Doubting Your Greatness and Start Living an Awesome Life,Jen Sincero,Happiness,4.7,9..35,2021,"47,164 ratings",2018,195,en,Self-Help
"The Plant Paradox: The Hidden Dangers in ""Healthy"" Foods That Cause Disease and Weight Gain (The Plant Paradox, 1)",Dr. Steven R Gundry  MD,Weight Loss,4.4,14..46,2017,"16,909 ratings",2018,303,en,Health & Fitness
Giraffes Can't Dance,Giles Andreae,Dance,4.8,6..50,1999,"29,656 ratings",2018,33,en,Juvenile Fiction
D&D 2014 Player's Handbook (Dungeons & Dragons Core Rulebook),Dungeons & Dragons,Reference,4.9,49..95,1951,"54,157 ratings",2018,484,es,
Homebody: A Guide to Creating Spaces You Never Want to Leave,Joanna Gaines,Design & Construction,4.8,23..98,2018,"12,004 ratings",2018,525,en,House & Home
The Very Hungry Caterpillar,Eric Carle,Counting,4.9,5..75,1969,"76,709 ratings",2018,30,en,Juvenile Fiction
Crazy Rich Asians (Crazy Rich Asians Trilogy),Kevin Kwan,Family Life,4.3,9..90,2018,"54,191 ratings",2018,,en,
The Hate U Give: A Printz Honor Winner,Angie Thomas,Depression & Mental Health,4.7,8..62,2017,"49,848 ratings",2018,447,en,Young Adult Fiction
The Instant Pot Electric Pressure Cooker Cookbook: Easy Recipes for Fast & Healthy Meals,Laurel Randolph,Poultry,4.4,7..85,2016,"13,425 ratings",2018,176,en,
The Four Agreements: A Practical Guide to Personal Freedom (A Toltec Wisdom Book),Don Miguel Ruiz,Personal Transformation,4.7,7..05,1997,"117,066 ratings",2018,161,en,Self-Help
The Wonderful Things You Will Be,Emily Winfield Martin,New Baby,4.9,10..71,2015,"31,478 ratings",2018,38,en,Juvenile Fiction
P is for Potty! (Sesame Street) (Lift-the-Flap),Naomi Kleinberg,Toilet Training,4.7,6..36,2014,"32,253 ratings",2018,0,en,Juvenile Fiction
The Pout-Pout Fish,Deborah Diesen,Emotions & Feelings,4.8,4..50,2013,"27,062 ratings",2018,15,en,Juvenile Fiction
Where the Crawdads Sing: Reese's Book Club,Delia Owens,Coming of Age,4.7,15..50,2018,"634,559 ratings",2019,386,en,Fiction
Becoming,Michelle Obama,Black & African American,4.8,14..69,2016,"204,695 ratings",2019,598,id,Biography & Autobiography
Educated: A Memoir,Tara Westover,Women,4.6,11..98,2020,"221,152 ratings",2019,363,en,Biography & Autobiography
Dog Man: For Whom the Ball Rolls: From the Creator of Captain Underpants (Dog Man #7),Dav Pilkey,Superheroes,4.9,7..74,2019,"23,320 ratings",2019,240,en,Juvenile Fiction
"Girl, Wash Your Face: Stop Believing the Lies About Who You Are So You Can Become Who You Were Meant to Be",Rachel Hollis,Faith,4.5,12..58,2018,"41,351 ratings",2019,241,en,Self-Help
Dog Man: Fetch-22: A Graphic Novel (Dog Man #8): From the Creator of Captain Underpants,Dav Pilkey,Action & Adventure,4.9,8..27,2019,"32,527 ratings",2019,240,en,Juvenile Fiction
Wrecking Ball (Diary of a Wimpy Kid #14) (Volume 14),Jeff Kinney,Boys & Men,4.9,10..87,2019,"19,445 ratings",2019,246,en,Juvenile Fiction
The Wonderful Things You Will Be,Emily Winfield Martin,New Baby,4.9,10..71,2015,"31,471 ratings",2019,38,en,Juvenile Fiction
"School Zone Big Preschool Workbook: 320 Pages, Toddler, Pre-K, ABCs, Alphabet, Basic Phonics, Writing Skills, Early Math & Numbers, Colors & Shapes, Matching, Follow Directions, Ages 3-5",School Zone,School,4.8,12..59,2019,"72,898 ratings",2019,54,en,
The 5 Love Languages: The Secret to Love that Lasts,Gary Chapman,Love & Romance,4.8,6..23,2016,"93,993 ratings",2019,183,en,Family & Relationships
The Wonky Donkey,Craig Smith,Farm Animals,4.8,5..28,2010,"85,160 ratings",2019,144,en,Animals
The Subtle Art of Not Giving a F*ck: A Counterintuitive Approach to Living a Good Life,Mark Manson,Happiness,4.5,10..05,2016,"151,818 ratings",2019,197,en,Self-Help
Difficult Riddles For Smart Kids: 300 Difficult Riddles And Brain Teasers Families Will Love (Thinking Books for Kids),M Prefontaine,Party Games,4.6,7..99,2017,"33,627 ratings",2019,0,en,Lateral thinking puzzles
"Salt, Fat, Acid, Heat: Mastering the Elements of Good Cooking",Samin Nosrat,Reference,4.8,18..72,2021,"23,601 ratings",2019,480,en,Cooking
The Very Hungry Caterpillar,Eric Carle,Counting,4.9,5..75,1969,"76,705 ratings",2019,30,en,Juvenile Fiction
What Should Danny Do? (The Power to Choose Series),Adir Levy,Values,4.8,11..11,2017,"24,915 ratings",2019,0,en,JUVENILE FICTION
It's Not Supposed to Be This Way: Finding Unexpected Strength When Disappointments Leave You Shattered,Lysa TerKeurst,Guides,4.8,14..03,2018,"19,986 ratings",2019,289,en,Religion
Hopscotch Girls I Am Confident Brave & Beautiful Inspirational Coloring Books for Kids Ages 4-8 & Up 8-12 Empowering Boost Confidence Color Book,Hopscotch Girls,Girls & Women,4.8,6..99,2017,"34,104 ratings",2019,207,en,Juvenile Fiction
The Four Agreements: A Practical Guide to Personal Freedom (A Toltec Wisdom Book),Don Miguel Ruiz,Personal Transformation,4.7,7..05,1997,"117,058 ratings",2019,161,en,Self-Help
Unfreedom of the Press,Mark R. Levin,"Headphones, Earbuds & Accessories",4.8,8..90,2019,"9,343 ratings",2019,272,en,Political Science
Dog Man: Brawl of the Wild: From the Creator of Captain Underpants (Dog Man #6),Dav Pilkey,Superheroes,4.8,7..95,2018,"22,696 ratings",2019,224,en,Juvenile Fiction
Giraffes Can't Dance,Giles Andreae,Dance,4.8,6..50,1999,"29,656 ratings",2019,33,en,Juvenile Fiction
If Animals Kissed Good Night,Ann Whitford Paul,Parents,4.8,4..23,2009,"75,558 ratings",2019,19,en,Juvenile Fiction
"Oh, the Places You'll Go!",Dr. Seuss,Classics,4.9,8..48,1990,"52,228 ratings",2019,56,en,Juvenile Fiction
Howard Stern Comes Again,Howard Stern,Actors & Entertainers,4.5,14..41,2019,"10,257 ratings",2019,560,en,Biography & Autobiography
Guts: A Graphic Novel,Raina Telgemeier,Biography,4.8,7..00,2019,"18,851 ratings",2019,227,en,Juvenile Nonfiction
The Life-Changing Magic of Tidying Up: The Japanese Art of Decluttering and Organizing,Marie Kondō,"Cleaning, Caretaking & Relocating",4.5,9..42,2017,"59,251 ratings",2019,226,en,House & Home
"Harry Potter and the Goblet of Fire: The Illustrated Edition (Harry Potter, Book 4) (4)",J. K. Rowling,Unknown,4.9,27..92,2019,"27,518 ratings",2019,0,en,Juvenile Fiction
National Geographic Little Kids First Big Book of Why (National Geographic Little Kids First Big Books),Amy Shields,Almanacs,4.8,10..61,2018,"19,845 ratings",2019,132,en,Juvenile Nonfiction
Where the Crawdads Sing: Reese's Book Club,Delia Owens,Coming of Age,4.7,15..50,2018,"634,559 ratings",2019,386,en,Fiction
Becoming,Michelle Obama,Black & African American,4.8,14..69,2016,"204,695 ratings",2019,598,id,Biography & Autobiography
Educated: A Memoir,Tara Westover,Women,4.6,11..98,2020,"221,152 ratings",2019,363,en,Biography & Autobiography
Dog Man: For Whom the Ball Rolls: From the Creator of Captain Underpants (Dog Man #7),Dav Pilkey,Superheroes,4.9,7..74,2019,"23,320 ratings",2019,240,en,Juvenile Fiction
"Girl, Wash Your Face: Stop Believing the Lies About Who You Are So You Can Become Who You Were Meant to Be",Rachel Hollis,Faith,4.5,12..58,2018,"41,351 ratings",2019,241,en,Self-Help
Dog Man: Fetch-22: A Graphic Novel (Dog Man #8): From the Creator of Captain Underpants,Dav Pilkey,Action & Adventure,4.9,8..27,2019,"32,527 ratings",2019,240,en,Juvenile Fiction
Wrecking Ball (Diary of a Wimpy Kid #14) (Volume 14),Jeff Kinney,Boys & Men,4.9,10..87,2019,"19,445 ratings",2019,246,en,Juvenile Fiction
The Wonderful Things You Will Be,Emily Winfield Martin,New Baby,4.9,10..71,2015,"31,471 ratings",2019,38,en,Juvenile Fiction
"School Zone Big Preschool Workbook: 320 Pages, Toddler, Pre-K, ABCs, Alphabet, Basic Phonics, Writing Skills, Early Math & Numbers, Colors & Shapes, Matching, Follow Directions, Ages 3-5",School Zone,School,4.8,12..59,2019,"72,898 ratings",2019,54,en,
The 5 Love Languages: The Secret to Love that Lasts,Gary Chapman,Love & Romance,4.8,6..23,2016,"93,993 ratings",2019,183,en,Family & Relationships
The Wonky Donkey,Craig Smith,Farm Animals,4.8,5..28,2010,"85,160 ratings",2019,144,en,Animals
The Subtle Art of Not Giving a F*ck: A Counterintuitive Approach to Living a Good Life,Mark Manson,Happiness,4.5,10..05,2016,"151,818 ratings",2019,197,en,Self-Help
Difficult Riddles For Smart Kids: 300 Difficult Riddles And Brain Teasers Families Will Love (Thinking Books for Kids),M Prefontaine,Party Games,4.6,7..99,2017,"33,627 ratings",2019,0,en,Lateral thinking puzzles
"Salt, Fat, Acid, Heat: Mastering the Elements of Good Cooking",Samin Nosrat,Reference,4.8,18..72,2021,"23,601 ratings",2019,480,en,Cooking
The Very Hungry Caterpillar,Eric Carle,Counting,4.9,5..75,1969,"76,705 ratings",2019,30,en,Juvenile Fiction
What Should Danny Do? (The Power to Choose Series),Adir Levy,Values,4.8,11..11,2017,"24,915 ratings",2019,0,en,JUVENILE FICTION
It's Not Supposed to Be This Way: Finding Unexpected Strength When Disappointments Leave You Shattered,Lysa TerKeurst,Guides,4.8,14..03,2018,"19,986 ratings",2019,289,en,Religion
Hopscotch Girls I Am Confident Brave & Beautiful Inspirational Coloring Books for Kids Ages 4-8 & Up 8-12 Empowering Boost Confidence Color Book,Hopscotch Girls,Girls & Women,4.8,6..99,2017,"34,104 ratings",2019,207,en,Juvenile Fiction
The Four Agreements: A Practical Guide to Personal Freedom (A Toltec Wisdom Book),Don Miguel Ruiz,Personal Transformation,4.7,7..05,1997,"117,058 ratings",2019,161,en,Self-Help
Unfreedom of the Press,Mark R. Levin,"Headphones, Earbuds & Accessories",4.8,8..90,2019,"9,343 ratings",2019,272,en,Political Science
Dog Man: Brawl of the Wild: From the Creator of Captain Underpants (Dog Man #6),Dav Pilkey,Superheroes,4.8,7..95,2018,"22,696 ratings",2019,224,en,Juvenile Fiction
Giraffes Can't Dance,Giles Andreae,Dance,4.8,6..50,1999,"29,656 ratings",2019,33,en,Juvenile Fiction
If Animals Kissed Good Night,Ann Whitford Paul,Parents,4.8,4..23,2009,"75,558 ratings",2019,19,en,Juvenile Fiction
"Oh, the Places You'll Go!",Dr. Seuss,Classics,4.9,8..48,1990,"52,228 ratings",2019,56,en,Juvenile Fiction
Howard Stern Comes Again,Howard Stern,Actors & Entertainers,4.5,14..41,2019,"10,257 ratings",2019,560,en,Biography & Autobiography
Guts: A Graphic Novel,Raina Telgemeier,Biography,4.8,7..00,2019,"18,851 ratings",2019,227,en,Juvenile Nonfiction
The Life-Changing Magic of Tidying Up: The Japanese Art of Decluttering and Organizing,Marie Kondō,"Cleaning, Caretaking & Relocating",4.5,9..42,2017,"59,251 ratings",2019,226,en,House & Home
"Harry Potter and the Goblet of Fire: The Illustrated Edition (Harry Potter, Book 4) (4)",J. K. Rowling,Unknown,4.9,27..92,2019,"27,518 ratings",2019,0,en,Juvenile Fiction
National Geographic Little Kids First Big Book of Why (National Geographic Little Kids First Big Books),Amy Shields,Almanacs,4.8,10..61,2018,"19,845 ratings",2019,132,en,Juvenile Nonfiction
A Promised Land,Barack Obama,U.S. Presidents,4.9,17..00,2020,"127,610 ratings",2020,828,en,Biography & Autobiography
Too Much and Never Enough: How My Family Created the World's Most Dangerous Man,Mary L. Trump Ph.D.,U.S. Presidents,4.6,13..35,2020,"120,171 ratings",2020,240,en,Biography & Autobiography
Where the Crawdads Sing: Reese's Book Club,Delia Owens,Coming of Age,4.7,15..50,2018,"634,559 ratings",2020,386,en,Fiction
"My First Learn-to-Write Workbook: Practice for Kids with Pen Control, Line Tracing, Letters, and More!",Crystal Radke,Handwriting,4.8,5..26,2021,"86,552 ratings",2020,0,en,Juvenile Nonfiction
Midnight Sun,Stephenie Meyer,Vampires,4.8,15..15,2020,"82,177 ratings",2020,0,es,Young Adult Fiction
Untamed: Reese's Book Club,Glennon Doyle,Self Help,4.6,14..69,2020,"66,969 ratings",2020,257,en,Biography & Autobiography
If Animals Kissed Good Night,Ann Whitford Paul,Parents,4.8,4..23,2009,"75,558 ratings",2020,19,en,Juvenile Fiction
White Fragility: Why It's So Hard for White People to Talk About Racism,Dr. Robin DiAngelo,Discrimination & Racism,4.5,8..16,2020,"47,966 ratings",2020,194,en,Social Science
"School Zone Big Preschool Workbook: 320 Pages, Toddler, Pre-K, ABCs, Alphabet, Basic Phonics, Writing Skills, Early Math & Numbers, Colors & Shapes, Matching, Follow Directions, Ages 3-5",School Zone,School,4.8,12..59,2019,"72,898 ratings",2020,54,en,
The Room Where It Happened: A White House Memoir,John Bolton,Executive Branch,4.2,11..95,2020,"53,305 ratings",2020,608,en,Biography & Autobiography
The Ballad of Songbirds and Snakes (A Hunger Games Novel) (The Hunger Games),Suzanne Collins,Science Fiction,4.6,27..99,2020,"95,354 ratings",2020,744,en,Young Adult Fiction
Dog Man: Grime and Punishment: A Graphic Novel (Dog Man #9): From the Creator of Captain Underpants (9),Dav Pilkey,Dogs,4.9,7..37,2020,"47,516 ratings",2020,240,en,Juvenile Fiction
The Very Hungry Caterpillar,Eric Carle,Counting,4.9,5..75,1969,"76,705 ratings",2020,30,en,Juvenile Fiction
Becoming,Michelle Obama,Black & African American,4.8,14..69,2016,"204,695 ratings",2020,598,id,Biography & Autobiography
How to Be an Antiracist,Ibram X. Kendi,Discrimination & Racism,4.7,14..11,2019,"28,660 ratings",2020,311,es,Political Science
The Four Agreements: A Practical Guide to Personal Freedom (A Toltec Wisdom Book),Don Miguel Ruiz,Personal Transformation,4.7,7..05,1997,"117,058 ratings",2020,161,en,Self-Help
Rage,Bob Woodward,U.S. Presidents,4.6,12..98,1985,"34,936 ratings",2020,480,en,Biography & Autobiography
Caste: The Origins of Our Discontents,Isabel Wilkerson,Slavery & Emancipation,4.8,13..47,2021,"46,865 ratings",2020,545,en,Social Science
Greenlights,Matthew McConaughey,Actors & Entertainers,4.6,16..45,2020,"71,954 ratings",2020,389,es,Biography & Autobiography
Hopscotch Girls I Am Confident Brave & Beautiful Inspirational Coloring Books for Kids Ages 4-8 & Up 8-12 Empowering Boost Confidence Color Book,Hopscotch Girls,Girls & Women,4.8,6..99,2017,"34,104 ratings",2020,207,en,Juvenile Fiction
American Dirt (Oprah's Book Club): A Novel,Jeanine Cummins,Family Life,4.6,14..91,2020,"174,831 ratings",2020,472,en,Fiction
"The Boy, the Mole, the Fox and the Horse: Inspiring Conversations on Hope, Love and Personal Growth",Charlie Mackesy,Contemporary Women,4.8,11..57,2019,"125,347 ratings",2020,,en,Animals
Little Fires Everywhere: A Novel,Celeste Ng,Family Life,4.4,9..35,2020,"183,324 ratings",2020,354,en,Fiction
The Deep End (Diary of a Wimpy Kid #15) (Volume 15),Jeff Kinney,Parents,4.8,8..44,2020,"50,453 ratings",2020,228,en,Juvenile Fiction
Atomic Habits: An Easy & Proven Way to Build Good Habits & Break Bad Ones,James Clear,Social Psychology & Interactions,4.8,14..20,2022,"139,860 ratings",2020,238,en,Non Fiction
I Love You to the Moon and Back,Amelia Hepworth,Multigenerational,4.9,4..42,2015,"77,666 ratings",2020,26,en,Juvenile Fiction
How to Catch a Mermaid,Adam Wallace,Stories In Verse,4.8,6..25,2018,"34,482 ratings",2020,35,en,Juvenile Fiction
"The Splendid and the Vile: A Saga of Churchill, Family, and Defiance During the Blitz",Erik Larson,World War II,4.7,13..88,2020,"44,203 ratings",2020,609,en,History
How to Catch a Unicorn,Adam Wallace,Horses,4.8,5..96,2019,"36,622 ratings",2020,35,en,Juvenile Fiction
Giraffes Can't Dance,Giles Andreae,Dance,4.8,6..50,1999,"29,656 ratings",2020,33,en,Juvenile Fiction
A Promised Land,Barack Obama,U.S. Presidents,4.9,17..00,2020,"127,610 ratings",2020,828,en,Biography & Autobiography
Too Much and Never Enough: How My Family Created the World's Most Dangerous Man,Mary L. Trump Ph.D.,U.S. Presidents,4.6,13..35,2020,"120,171 ratings",2020,240,en,Biography & Autobiography
Where the Crawdads Sing: Reese's Book Club,Delia Owens,Coming of Age,4.7,15..50,2018,"634,559 ratings",2020,386,en,Fiction
"My First Learn-to-Write Workbook: Practice for Kids with Pen Control, Line Tracing, Letters, and More!",Crystal Radke,Handwriting,4.8,5..26,2021,"86,552 ratings",2020,0,en,Juvenile Nonfiction
Midnight Sun,Stephenie Meyer,Vampires,4.8,15..15,2020,"82,177 ratings",2020,0,es,Young Adult Fiction
Untamed: Reese's Book Club,Glennon Doyle,Self Help,4.6,14..69,2020,"66,969 ratings",2020,257,en,Biography & Autobiography
If Animals Kissed Good Night,Ann Whitford Paul,Parents,4.8,4..23,2009,"75,558 ratings",2020,19,en,Juvenile Fiction
White Fragility: Why It's So Hard for White People to Talk About Racism,Dr. Robin DiAngelo,Discrimination & Racism,4.5,8..16,2020,"47,966 ratings",2020,194,en,Social Science
"School Zone Big Preschool Workbook: 320 Pages, Toddler, Pre-K, ABCs, Alphabet, Basic Phonics, Writing Skills, Early Math & Numbers, Colors & Shapes, Matching, Follow Directions, Ages 3-5",School Zone,School,4.8,12..59,2019,"72,898 ratings",2020,54,en,
The Room Where It Happened: A White House Memoir,John Bolton,Executive Branch,4.2,11..95,2020,"53,305 ratings",2020,608,en,Biography & Autobiography
The Ballad of Songbirds and Snakes (A Hunger Games Novel) (The Hunger Games),Suzanne Collins,Science Fiction,4.6,27..99,2020,"95,354 ratings",2020,744,en,Young Adult Fiction
Dog Man: Grime and Punishment: A Graphic Novel (Dog Man #9): From the Creator of Captain Underpants (9),Dav Pilkey,Dogs,4.9,7..37,2020,"47,516 ratings",2020,240,en,Juvenile Fiction
The Very Hungry Caterpillar,Eric Carle,Counting,4.9,5..75,1969,"76,705 ratings",2020,30,en,Juvenile Fiction
Becoming,Michelle Obama,Black & African American,4.8,14..69,2016,"204,695 ratings",2020,598,id,Biography & Autobiography
How to Be an Antiracist,Ibram X. Kendi,Discrimination & Racism,4.7,14..11,2019,"28,660 ratings",2020,311,es,Political Science
The Four Agreements: A Practical Guide to Personal Freedom (A Toltec Wisdom Book),Don Miguel Ruiz,Personal Transformation,4.7,7..05,1997,"117,058 ratings",2020,161,en,Self-Help
Rage,Bob Woodward,U.S. Presidents,4.6,12..98,1985,"34,936 ratings",2020,480,en,Biography & Autobiography
Caste: The Origins of Our Discontents,Isabel Wilkerson,Slavery & Emancipation,4.8,13..47,2021,"46,865 ratings",2020,545,en,Social Science
Greenlights,Matthew McConaughey,Actors & Entertainers,4.6,16..45,2020,"71,954 ratings",2020,389,es,Biography & Autobiography
Hopscotch Girls I Am Confident Brave & Beautiful Inspirational Coloring Books for Kids Ages 4-8 & Up 8-12 Empowering Boost Confidence Color Book,Hopscotch Girls,Girls & Women,4.8,6..99,2017,"34,104 ratings",2020,207,en,Juvenile Fiction
American Dirt (Oprah's Book Club): A Novel,Jeanine Cummins,Family Life,4.6,14..91,2020,"174,831 ratings",2020,472,en,Fiction
"The Boy, the Mole, the Fox and the Horse: Inspiring Conversations on Hope, Love and Personal Growth",Charlie Mackesy,Contemporary Women,4.8,11..57,2019,"125,347 ratings",2020,,en,Animals
Little Fires Everywhere: A Novel,Celeste Ng,Family Life,4.4,9..35,2020,"183,324 ratings",2020,354,en,Fiction
The Deep End (Diary of a Wimpy Kid #15) (Volume 15),Jeff Kinney,Parents,4.8,8..44,2020,"50,453 ratings",2020,228,en,Juvenile Fiction
Atomic Habits: An Easy & Proven Way to Build Good Habits & Break Bad Ones,James Clear,Social Psychology & Interactions,4.8,14..20,2022,"139,860 ratings",2020,238,en,Non Fiction
I Love You to the Moon and Back,Amelia Hepworth,Multigenerational,4.9,4..42,2015,"77,666 ratings",2020,26,en,Juvenile Fiction
How to Catch a Mermaid,Adam Wallace,Stories In Verse,4.8,6..25,2018,"34,482 ratings",2020,35,en,Juvenile Fiction
"The Splendid and the Vile: A Saga of Churchill, Family, and Defiance During the Blitz",Erik Larson,World War II,4.7,13..88,2020,"44,203 ratings",2020,609,en,History
How to Catch a Unicorn,Adam Wallace,Horses,4.8,5..96,2019,"36,622 ratings",2020,35,en,Juvenile Fiction
Giraffes Can't Dance,Giles Andreae,Dance,4.8,6..50,1999,"29,656 ratings",2020,33,en,Juvenile Fiction
Atomic Habits: An Easy & Proven Way to Build Good Habits & Break Bad Ones,James Clear,Social Psychology & Interactions,4.8,14..20,2022,"139,860 ratings",2021,238,en,Non Fiction
American Marxism,Mark R. Levin,Communism & Socialism,4.8,12..18,2021,"37,447 ratings",2021,320,en,Political Science
The Four Agreements: A Practical Guide to Personal Freedom (A Toltec Wisdom Book),Don Miguel Ruiz,Personal Transformation,4.7,7..05,1997,"117,058 ratings",2021,161,en,Self-Help
If Animals Kissed Good Night,Ann Whitford Paul,Parents,4.8,4..23,2009,"75,558 ratings",2021,19,en,Juvenile Fiction
"The Body Keeps the Score: Brain, Mind, and Body in the Healing of Trauma",Bessel van der Kolk M.D.,Psychiatry,4.8,10..86,2019,"79,026 ratings",2021,465,en,Psychology
I Love You to the Moon and Back,Amelia Hepworth,Multigenerational,4.9,4..42,2015,"77,667 ratings",2021,26,en,Juvenile Fiction
It Ends with Us: A Novel (1),Colleen Hoover,"TV, Movie, Video Game Adaptations",4.7,9..03,2016,"395,938 ratings",2021,448,en,Fiction
"The Boy, the Mole, the Fox and the Horse: Inspiring Conversations on Hope, Love and Personal Growth",Charlie Mackesy,Contemporary Women,4.8,11..57,2019,"125,347 ratings",2021,,en,Animals
The Very Hungry Caterpillar,Eric Carle,Counting,4.9,5..75,1969,"76,705 ratings",2021,30,en,Juvenile Fiction
"My First Learn-to-Write Workbook: Practice for Kids with Pen Control, Line Tracing, Letters, and More!",Crystal Radke,Handwriting,4.8,5..26,2021,"86,552 ratings",2021,0,en,Juvenile Nonfiction
The Midnight Library: A GMA Book Club Pick: A Novel,Matt Haig,Short Stories,4.4,9..54,2020,"268,569 ratings",2021,0,en,Fiction
The Four Winds: A Novel,Kristin Hannah,Historical,4.6,14..55,2014,"174,307 ratings",2021,381,en,Fiction
Dog Man: Mothering Heights: A Graphic Novel (Dog Man #10): From the Creator of Captain Underpants (10),Dav Pilkey,Superheroes,4.9,6..79,2021,"26,514 ratings",2021,224,en,Juvenile Fiction
The Last Thing He Told Me: A Novel,Laura Dave,Family Life,4.3,17..98,2021,"159,720 ratings",2021,336,en,Fiction
"Big Shot Diary of a Wimpy Kid Book 16 (Diary of a Wimpy Kid, 16) (Volume 16)",Jeff Kinney,Humor,4.8,9..98,2021,"28,259 ratings",2021,228,en,Juvenile Fiction
"Real Anthony Fauci: Bill Gates, Big Pharma, and the Global War on Democracy and Public Health (Children’s Health Defense)",Robert F. Kennedy Jr.,Scientists,4.8,17..09,2022,"26,535 ratings",2021,626,en,Science
The Seven Husbands of Evelyn Hugo: A Novel,Taylor Jenkins Reid,Family Life,4.6,9..49,2018,"252,979 ratings",2021,400,en,Fiction
The 48 Laws of Power,Robert Greene,History & Theory,4.7,14..55,1998,"83,813 ratings",2021,497,en,Self-Help
"Oh, the Places You'll Go!",Dr. Seuss,Classics,4.9,8..48,1990,"52,228 ratings",2021,56,en,Juvenile Fiction
"Brown Bear, Brown Bear, What Do You See?",Bill Martin Jr.,Colors,4.9,5..36,1967,"54,413 ratings",2021,32,en,Juvenile Fiction
Rich Dad Poor Dad: What the Rich Teach Their Kids About Money That the Poor and Middle Class Do Not!,Robert T. Kiyosaki,Personal Finance,4.7,12..70,2017,"102,850 ratings",2021,196,en,Non Fiction
The 5 Love Languages: The Secret to Love that Lasts,Gary Chapman,Love & Romance,4.8,6..23,2016,"93,993 ratings",2021,183,en,Family & Relationships
Burn After Writing (Pink),Sharon Jones,Writing,4.6,7..61,2020,"78,222 ratings",2021,0,es,Self-Help
1984: 75th Anniversary,George Orwell,Censorship,4.6,9..78,1984,"117,010 ratings",2021,308,en,Fiction
Peril,Bob Woodward,U.S. Presidents,4.6,14..32,1932,"22,175 ratings",2021,0,es,Political Science
Untamed: Reese's Book Club,Glennon Doyle,Self Help,4.6,14..69,2020,"66,969 ratings",2021,257,en,Biography & Autobiography
"Dune (Dune Chronicles, Book 1)",Frank Herbert,Paranormal,4.7,9..05,2005,"100,019 ratings",2021,4238,en,Fiction
My First Library: Boxset of 10 Board Books for Kids,Wonder House Books,Vocabulary & Spelling,4.6,15..06,2018,"82,966 ratings",2021,0,en,Young Adult Nonfiction
Atlas of the Heart: Mapping Meaningful Connection and the Language of Human Experience,Brené Brown,Social Psychology & Interactions,4.8,17..74,2021,"20,770 ratings",2021,337,en,Non Fiction
"Song of Achilles, The",Madeline Miller,Classic Fiction,4.5,10..77,2011,"110,182 ratings",2021,370,en,Fiction
Atomic Habits: An Easy & Proven Way to Build Good Habits & Break Bad Ones,James Clear,Social Psychology & Interactions,4.8,14..20,2022,"139,860 ratings",2021,238,en,Non Fiction
American Marxism,Mark R. Levin,Communism & Socialism,4.8,12..18,2021,"37,447 ratings",2021,320,en,Political Science
The Four Agreements: A Practical Guide to Personal Freedom (A Toltec Wisdom Book),Don Miguel Ruiz,Personal Transformation,4.7,7..05,1997,"117,058 ratings",2021,161,en,Self-Help
If Animals Kissed Good Night,Ann Whitford Paul,Parents,4.8,4..23,2009,"75,558 ratings",2021,19,en,Juvenile Fiction
"The Body Keeps the Score: Brain, Mind, and Body in the Healing of Trauma",Bessel van der Kolk M.D.,Psychiatry,4.8,10..86,2019,"79,026 ratings",2021,465,en,Psychology
I Love You to the Moon and Back,Amelia Hepworth,Multigenerational,4.9,4..42,2015,"77,667 ratings",2021,26,en,Juvenile Fiction
It Ends with Us: A Novel (1),Colleen Hoover,"TV, Movie, Video Game Adaptations",4.7,9..03,2016,"395,938 ratings",2021,448,en,Fiction
"The Boy, the Mole, the Fox and the Horse: Inspiring Conversations on Hope, Love and Personal Growth",Charlie Mackesy,Contemporary Women,4.8,11..57,2019,"125,347 ratings",2021,,en,Animals
The Very Hungry Caterpillar,Eric Carle,Counting,4.9,5..75,1969,"76,705 ratings",2021,30,en,Juvenile Fiction
"My First Learn-to-Write Workbook: Practice for Kids with Pen Control, Line Tracing, Letters, and More!",Crystal Radke,Handwriting,4.8,5..26,2021,"86,552 ratings",2021,0,en,Juvenile Nonfiction
The Midnight Library: A GMA Book Club Pick: A Novel,Matt Haig,Short Stories,4.4,9..54,2020,"268,569 ratings",2021,0,en,Fiction
The Four Winds: A Novel,Kristin Hannah,Historical,4.6,14..55,2014,"174,307 ratings",2021,381,en,Fiction
Dog Man: Mothering Heights: A Graphic Novel (Dog Man #10): From the Creator of Captain Underpants (10),Dav Pilkey,Superheroes,4.9,6..79,2021,"26,514 ratings",2021,224,en,Juvenile Fiction
The Last Thing He Told Me: A Novel,Laura Dave,Family Life,4.3,17..98,2021,"159,720 ratings",2021,336,en,Fiction
"Big Shot Diary of a Wimpy Kid Book 16 (Diary of a Wimpy Kid, 16) (Volume 16)",Jeff Kinney,Humor,4.8,9..98,2021,"28,259 ratings",2021,228,en,Juvenile Fiction
"Real Anthony Fauci: Bill Gates, Big Pharma, and the Global War on Democracy and Public Health (Children’s Health Defense)",Robert F. Kennedy Jr.,Scientists,4.8,17..09,2022,"26,535 ratings",2021,626,en,Science
The Seven Husbands of Evelyn Hugo: A Novel,Taylor Jenkins Reid,Family Life,4.6,9..49,2018,"252,979 ratings",2021,400,en,Fiction
The 48 Laws of Power,Robert Greene,History & Theory,4.7,14..55,1998,"83,813 ratings",2021,497,en,Self-Help
"Oh, the Places You'll Go!",Dr. Seuss,Classics,4.9,8..48,1990,"52,228 ratings",2021,56,en,Juvenile Fiction
"Brown Bear, Brown Bear, What Do You See?",Bill Martin Jr.,Colors,4.9,5..36,1967,"54,413 ratings",2021,,en,
Rich Dad Poor Dad: What the Rich Teach Their Kids About Money That the Poor and Middle Class Do Not!,Robert T. Kiyosaki,Personal Finance,4.7,12..70,2017,"102,850 ratings",2021,196,en,Non Fiction
The 5 Love Languages: The Secret to Love that Lasts,Gary Chapman,Love & Romance,4.8,6..23,2016,"93,993 ratings",2021,183,en,Family & Relationships
Burn After Writing (Pink),Sharon Jones,Writing,4.6,7..61,2020,"78,222 ratings",2021,0,es,Self-Help
1984: 75th Anniversary,George Orwell,Censorship,4.6,9..78,1984,"117,010 ratings",2021,308,en,Fiction
Peril,Bob Woodward,U.S. Presidents,4.6,14..32,1932,"22,175 ratings",2021,0,es,Political Science
Untamed: Reese's Book Club,Glennon Doyle,Self Help,4.6,14..69,2020,"66,969 ratings",2021,257,en,Biography & Autobiography
"Dune (Dune Chronicles, Book 1)",Frank Herbert,Paranormal,4.7,9..05,2005,"100,019 ratings",2021,4238,en,Fiction
My First Library: Boxset of 10 Board Books for Kids,Wonder House Books,Vocabulary & Spelling,4.6,15..06,2018,"82,966 ratings",2021,0,en,Young Adult Nonfiction
Atlas of the Heart: Mapping Meaningful Connection and the Language of Human Experience,Brené Brown,Social Psychology & Interactions,4.8,17..74,2021,"20,770 ratings",2021,337,en,Non Fiction
"Song of Achilles, The",Madeline Miller,Classic Fiction,4.5,10..77,2011,"110,182 ratings",2021,370,en,Fiction
It Ends with Us: A Novel (1),Colleen Hoover,"TV, Movie, Video Game Adaptations",4.7,9..03,2016,"395,938 ratings",2022,448,en,Fiction
It Starts with Us: A Novel (It Ends with Us),Colleen Hoover,Divorce,4.5,8..64,2022,"216,773 ratings",2022,321,en,Fiction
Verity,Colleen Hoover,Psychological Thrillers,4.6,9..81,2018,"397,712 ratings",2022,295,es,Fiction
Where the Crawdads Sing: Reese's Book Club,Delia Owens,Coming of Age,4.7,9..41,2021,"634,559 ratings",2022,386,en,Fiction
Atomic Habits: An Easy & Proven Way to Build Good Habits & Break Bad Ones,James Clear,Social Psychology & Interactions,4.8,14..20,2022,"139,860 ratings",2022,238,en,Non Fiction
Reminders of Him: A Novel,Colleen Hoover,Family Life,4.7,9..57,2022,"308,436 ratings",2022,336,en,Fiction
Ugly Love: A Novel,Colleen Hoover,Family Life,4.6,9..02,2018,"159,898 ratings",2022,336,en,Fiction
The Seven Husbands of Evelyn Hugo: A Novel,Taylor Jenkins Reid,Family Life,4.6,9..49,2018,"252,979 ratings",2022,400,en,Fiction
"The Body Keeps the Score: Brain, Mind, and Body in the Healing of Trauma",Bessel van der Kolk M.D.,Psychiatry,4.8,10..86,2019,"79,026 ratings",2022,465,en,Psychology
The Very Hungry Caterpillar,Eric Carle,Counting,4.9,5..75,1969,"76,705 ratings",2022,30,en,Juvenile Fiction
The 48 Laws of Power,Robert Greene,History & Theory,4.7,14..55,1998,"83,813 ratings",2022,497,en,Self-Help
The Four Agreements: A Practical Guide to Personal Freedom (A Toltec Wisdom Book),Don Miguel Ruiz,Personal Transformation,4.7,7..05,1997,"117,058 ratings",2022,161,en,Self-Help
November 9: A Novel,Colleen Hoover,Contemporary,4.6,9..15,2015,"82,253 ratings",2022,320,en,Fiction
I Love You to the Moon and Back,Amelia Hepworth,Multigenerational,4.9,4..42,2015,"77,667 ratings",2022,26,en,Juvenile Fiction
I'm Glad My Mom Died,Jennette McCurdy,Actors & Entertainers,4.7,11..93,2022,"78,166 ratings",2022,320,en,Biography & Autobiography
The Light We Carry: Overcoming in Uncertain Times,Michelle Obama,Black & African American,4.8,12..38,2022,"14,801 ratings",2022,288,en,Self-Help
"My First Learn-to-Write Workbook: Practice for Kids with Pen Control, Line Tracing, Letters, and More!",Crystal Radke,Handwriting,4.8,5..26,2021,"86,552 ratings",2022,0,en,Juvenile Nonfiction
Diper Överlöde (Diary of a Wimpy Kid #17) (Volume 17),Jeff Kinney,Fiction,4.7,2.22,2022,"14,334 ratings",2022,228,en,Juvenile Fiction
The Wonderful Things You Will Be,Emily Winfield Martin,New Baby,4.9,10..71,2015,"31,471 ratings",2022,38,en,Juvenile Fiction
"Interesting Facts For Curious Minds: 1572 Random But Mind-Blowing Facts About History, Science, Pop Culture And Everything In Between",Jordan Moore,Quizzes,4.5,10..59,2022,"13,463 ratings",2022,0,en,
"Brown Bear, Brown Bear, What Do You See?",Bill Martin Jr.,Colors,4.9,5..36,1967,"54,413 ratings",2022,,en,
Fairy Tale,Stephen King,Dark Fantasy,4.6,17..88,1850,"69,265 ratings",2022,706,en,Fiction
Atlas of the Heart: Mapping Meaningful Connection and the Language of Human Experience,Brené Brown,Social Psychology & Interactions,4.8,17..74,2021,"20,770 ratings",2022,337,en,Non Fiction
"Harry Potter and the Order of the Phoenix: The Illustrated Edition (Harry Potter, Book 5)",J. K. Rowling,Friendship,4.9,28..73,2022,"8,765 ratings",2022,576,en,Juvenile Fiction
If Animals Kissed Good Night,Ann Whitford Paul,Parents,4.8,4..23,2009,"75,558 ratings",2022,19,en,Juvenile Fiction
Things We Never Got Over (Knockemout),Lucy Score,Small Town & Rural,4.5,10..61,2024,"220,168 ratings",2022,556,en,Fiction
My First Library: Boxset of 10 Board Books for Kids,Wonder House Books,Vocabulary & Spelling,4.6,15..06,2018,"82,966 ratings",2022,0,en,Young Adult Nonfiction
"School Zone Big Preschool Workbook: 320 Pages, Toddler, Pre-K, ABCs, Alphabet, Basic Phonics, Writing Skills, Early Math & Numbers, Colors & Shapes, Matching, Follow Directions, Ages 3-5",School Zone,School,4.8,12..59,2019,"72,898 ratings",2022,54,en,
Harry Potter Paperback Box Set (Books 1-7),J. K. Rowling,Friendship,4.9,52..62,2009,"64,419 ratings",2022,0,en,
"Oh, the Places You'll Go!",Dr. Seuss,Classics,4.9,8..48,1990,"52,228 ratings",2022,56,en,Juvenile Fiction
It Ends with Us: A Novel (1),Colleen Hoover,"TV, Movie, Video Game Adaptations",4.7,9..03,2016,"395,938 ratings",2022,448,en,Fiction
It Starts with Us: A Novel (It Ends with Us),Colleen Hoover,Divorce,4.5,8..64,2022,"216,773 ratings",2022,321,en,Fiction
Verity,Colleen Hoover,Psychological Thrillers,4.6,9..81,2018,"397,712 ratings",2022,295,es,Fiction
Where the Crawdads Sing: Reese's Book Club,Delia Owens,Coming of Age,4.7,9..41,2021,"634,559 ratings",2022,386,en,Fiction
Atomic Habits: An Easy & Proven Way to Build Good Habits & Break Bad Ones,James Clear,Social Psychology & Interactions,4.8,14..20,2022,"139,860 ratings",2022,238,en,Non Fiction
Reminders of Him: A Novel,Colleen Hoover,Family Life,4.7,9..57,2022,"308,436 ratings",2022,336,en,Fiction
Ugly Love: A Novel,Colleen Hoover,Family Life,4.6,9..02,2018,"159,898 ratings",2022,336,en,Fiction
The Seven Husbands of Evelyn Hugo: A Novel,Taylor Jenkins Reid,Family Life,4.6,9..49,2018,"252,979 ratings",2022,400,en,Fiction
"The Body Keeps the Score: Brain, Mind, and Body in the Healing of Trauma",Bessel van der Kolk M.D.,Psychiatry,4.8,10..86,2019,"79,026 ratings",2022,465,en,Psychology
The Very Hungry Caterpillar,Eric Carle,Counting,4.9,5..75,1969,"76,705 ratings",2022,30,en,Juvenile Fiction
The 48 Laws of Power,Robert Greene,History & Theory,4.7,14..55,1998,"83,813 ratings",2022,497,en,Self-Help
The Four Agreements: A Practical Guide to Personal Freedom (A Toltec Wisdom Book),Don Miguel Ruiz,Personal Transformation,4.7,7..05,1997,"117,058 ratings",2022,161,en,Self-Help
November 9: A Novel,Colleen Hoover,Contemporary,4.6,9..15,2015,"82,253 ratings",2022,320,en,Fiction
I Love You to the Moon and Back,Amelia Hepworth,Multigenerational,4.9,4..42,2015,"77,667 ratings",2022,26,en,Juvenile Fiction
I'm Glad My Mom Died,Jennette McCurdy,Actors & Entertainers,4.7,11..93,2022,"78,166 ratings",2022,320,en,Biography & Autobiography
The Light We Carry: Overcoming in Uncertain Times,Michelle Obama,Black & African American,4.8,12..38,2022,"14,801 ratings",2022,288,en,Self-Help
"My First Learn-to-Write Workbook: Practice for Kids with Pen Control, Line Tracing, Letters, and More!",Crystal Radke,Handwriting,4.8,5..26,2021,"86,552 ratings",2022,0,en,Juvenile Nonfiction
Diper Överlöde (Diary of a Wimpy Kid #17) (Volume 17),Jeff Kinney,Fiction,4.7,2.22,2022,"14,334 ratings",2022,228,en,Juvenile Fiction
The Wonderful Things You Will Be,Emily Winfield Martin,New Baby,4.9,10..71,2015,"31,471 ratings",2022,38,en,Juvenile Fiction
"Interesting Facts For Curious Minds: 1572 Random But Mind-Blowing Facts About History, Science, Pop Culture And Everything In Between",Jordan Moore,Quizzes,4.5,10..59,2022,"13,463 ratings",2022,0,en,
"Brown Bear, Brown Bear, What Do You See?",Bill Martin Jr.,Colors,4.9,5..36,1967,"54,413 ratings",2022,,en,
Fairy Tale,Stephen King,Dark Fantasy,4.6,17..88,1850,"69,265 ratings",2022,706,en,Fiction
Atlas of the Heart: Mapping Meaningful Connection and the Language of Human Experience,Brené Brown,Social Psychology & Interactions,4.8,17..74,2021,"20,770 ratings",2022,337,en,Non Fiction
"Harry Potter and the Order of the Phoenix: The Illustrated Edition (Harry Potter, Book 5)",J. K. Rowling,Friendship,4.9,28..73,2022,"8,765 ratings",2022,576,en,Juvenile Fiction
If Animals Kissed Good Night,Ann Whitford Paul,Parents,4.8,4..23,2009,"75,558 ratings",2022,19,en,Juvenile Fiction
Things We Never Got Over (Knockemout),Lucy Score,Small Town & Rural,4.5,10..61,2024,"220,168 ratings",2022,556,en,Fiction
My First Library: Boxset of 10 Board Books for Kids,Wonder House Books,Vocabulary & Spelling,4.6,15..06,2018,"82,966 ratings",2022,0,en,Young Adult Nonfiction
"School Zone Big Preschool Workbook: 320 Pages, Toddler, Pre-K, ABCs, Alphabet, Basic Phonics, Writing Skills, Early Math & Numbers, Colors & Shapes, Matching, Follow Directions, Ages 3-5",School Zone,School,4.8,12..59,2019,"72,898 ratings",2022,54,en,
Harry Potter Paperback Box Set (Books 1-7),J. K. Rowling,Friendship,4.9,52..62,2009,"64,419 ratings",2022,0,en,
"Oh, the Places You'll Go!",Dr. Seuss,Classics,4.9,8..48,1990,"52,228 ratings",2022,56,en,Juvenile Fiction
Atomic Habits: An Easy & Proven Way to Build Good Habits & Break Bad Ones,James Clear,Social Psychology & Interactions,4.8,14..20,2022,"139,860 ratings",2023,238,en,Non Fiction
"Iron Flame (The Empyrean, 2)",Rebecca Yarros,Epic,4.7,2..99,2024,"331,433 ratings",2023,872,fr,Fiction
Spare,Prince Harry  The Duke of Sussex,Great Britain,4.5,15..92,2023,"113,225 ratings",2023,0,es,Biography & Autobiography
"Fourth Wing (The Empyrean, 1)",Rebecca Yarros,Fantasy,4.8,1..99,2023,"399,135 ratings",2023,620,fr,Fiction
The Woman in Me,Britney Spears,Actors & Entertainers,4.4,7..46,2023,"49,588 ratings",2023,189,en,Biography & Autobiography
Lessons in Chemistry: A Novel,Bonnie Garmus,Mothers & Children,4.6,14..99,2023,"313,506 ratings",2023,347,en,Fiction
The 48 Laws of Power,Robert Greene,History & Theory,4.7,14..55,1998,"83,813 ratings",2023,497,en,Self-Help
"The Body Keeps the Score: Brain, Mind, and Body in the Healing of Trauma",Bessel van der Kolk M.D.,Psychiatry,4.8,10..86,2019,"79,026 ratings",2023,465,en,Psychology
It Starts with Us: A Novel (It Ends with Us),Colleen Hoover,Divorce,4.5,8..64,2022,"216,773 ratings",2023,321,en,Fiction
Outlive: The Science and Art of Longevity,Peter Attia MD,Medical Conditions & Diseases,4.6,18..00,2023,"17,462 ratings",2023,425,en,Health & Fitness
It Ends with Us: A Novel (1),Colleen Hoover,"TV, Movie, Video Game Adaptations",4.7,9..03,2016,"395,938 ratings",2023,448,en,Fiction
The Housemaid,Freida McFadden,Psychological,4.5,1..99,2022,"492,756 ratings",2023,0,es,Fiction
The Very Hungry Caterpillar,Eric Carle,Counting,4.9,5..75,1969,"76,705 ratings",2023,30,en,Juvenile Fiction
Killers of the Flower Moon: The Osage Murders and the Birth of the FBI,David Grann,Indigenous Peoples,4.4,8..86,2018,"79,245 ratings",2023,224,en,Juvenile Nonfiction
Verity,Colleen Hoover,Psychological Thrillers,4.6,9..81,2018,"397,712 ratings",2023,295,es,Fiction
The Seven Husbands of Evelyn Hugo: A Novel,Taylor Jenkins Reid,Family Life,4.6,9..49,2018,"252,979 ratings",2023,400,en,Fiction
The Creative Act: A Way of Being,Rick Rubin,Creativity & Genius,4.7,16..99,2023,"9,465 ratings",2023,289,en,Self-Help
Taylor Swift: A Little Golden Book Biography,Wendy Loggia,Popular,4.9,4..78,2023,"8,890 ratings",2023,15,en,Juvenile Nonfiction
The Four Agreements: A Practical Guide to Personal Freedom (A Toltec Wisdom Book),Don Miguel Ruiz,Personal Transformation,4.7,7..05,1997,"117,058 ratings",2023,161,en,Self-Help
Demon Copperhead: A Pulitzer Prize Winner,Barbara Kingsolver,Paranormal,4.6,17..10,2022,"131,383 ratings",2023,0,en,Fiction
"A Court of Thorns and Roses (A Court of Thorns and Roses, 1)",Sarah J. Maas,Paranormal,4.6,10..05,2024,"278,991 ratings",2023,751,en,Fiction
"Interesting Facts For Curious Minds: 1572 Random But Mind-Blowing Facts About History, Science, Pop Culture And Everything In Between",Jordan Moore,Quizzes,4.5,10..59,2022,"13,463 ratings",2023,0,en,
No Brainer (Diary of a Wimpy Kid #18) (Volume 18),Jeff Kinney,Boys & Men,4.8,1.67,2023,"10,832 ratings",2023,0,en,
I Love You to the Moon and Back,Amelia Hepworth,Multigenerational,4.9,4..42,2015,"77,667 ratings",2023,26,en,Juvenile Fiction
Dog Man: Twenty Thousand Fleas Under the Sea: A Graphic Novel (Dog Man #11): From the Creator of Captain Underpants,Dav Pilkey,Superheroes,4.8,6..79,2023,"9,600 ratings",2023,242,en,Juvenile Fiction
Things We Never Got Over (Knockemout),Lucy Score,Small Town & Rural,4.5,10..61,2024,"220,168 ratings",2023,556,en,Fiction
The Covenant of Water (Oprah's Book Club),Abraham Verghese,Medical,4.6,14..78,2023,"87,835 ratings",2023,703,en,Fiction
"Brown Bear, Brown Bear, What Do You See?",Bill Martin Jr.,Colors,4.9,5..36,1967,"54,413 ratings",2023,32,en,Juvenile Fiction
Baking Yesteryear: The Best Recipes from the 1900s to the 1980s,B. Dylan Hollis,Cakes,4.9,15..10,2023,"12,260 ratings",2023,658,en,Cooking
I Love You Like No Otter: A Funny and Sweet Board Book for Babies and Toddlers (Punderland),Rose Rossner,Parents,4.9,5..37,2020,"12,794 ratings",2023,26,en,Juvenile Fiction
Atomic Habits: An Easy & Proven Way to Build Good Habits & Break Bad Ones,James Clear,Social Psychology & Interactions,4.8,14..20,2022,"139,860 ratings",2023,238,en,Non Fiction
"Iron Flame (The Empyrean, 2)",Rebecca Yarros,Epic,4.7,2..99,2024,"331,433 ratings",2023,872,fr,Fiction
Spare,Prince Harry  The Duke of Sussex,Great Britain,4.5,15..92,2023,"113,225 ratings",2023,0,es,Biography & Autobiography
"Fourth Wing (The Empyrean, 1)",Rebecca Yarros,Fantasy,4.8,1..99,2023,"399,135 ratings",2023,620,fr,Fiction
The Woman in Me,Britney Spears,Actors & Entertainers,4.4,7..46,2023,"49,588 ratings",2023,189,en,Biography & Autobiography
Lessons in Chemistry: A Novel,Bonnie Garmus,Mothers & Children,4.6,14..99,2023,"313,506 ratings",2023,347,en,Fiction
The 48 Laws of Power,Robert Greene,History & Theory,4.7,14..55,1998,"83,813 ratings",2023,497,en,Self-Help
"The Body Keeps the Score: Brain, Mind, and Body in the Healing of Trauma",Bessel van der Kolk M.D.,Psychiatry,4.8,10..86,2019,"79,026 ratings",2023,465,en,Psychology
It Starts with Us: A Novel (It Ends with Us),Colleen Hoover,Divorce,4.5,8..64,2022,"216,773 ratings",2023,321,en,Fiction
Outlive: The Science and Art of Longevity,Peter Attia MD,Medical Conditions & Diseases,4.6,18..00,2023,"17,462 ratings",2023,425,en,Health & Fitness
It Ends with Us: A Novel (1),Colleen Hoover,"TV, Movie, Video Game Adaptations",4.7,9..03,2016,"395,938 ratings",2023,448,en,Fiction
The Housemaid,Freida McFadden,Psychological,4.5,1..99,2022,"492,756 ratings",2023,0,es,Fiction
The Very Hungry Caterpillar,Eric Carle,Counting,4.9,5..75,1969,"76,705 ratings",2023,30,en,Juvenile Fiction
Killers of the Flower Moon: The Osage Murders and the Birth of the FBI,David Grann,Indigenous Peoples,4.4,8..86,2018,"79,245 ratings",2023,224,en,Juvenile Nonfiction
Verity,Colleen Hoover,Psychological Thrillers,4.6,9..81,2018,"397,712 ratings",2023,295,es,Fiction
The Seven Husbands of Evelyn Hugo: A Novel,Taylor Jenkins Reid,Family Life,4.6,9..49,2018,"252,979 ratings",2023,400,en,Fiction
The Creative Act: A Way of Being,Rick Rubin,Creativity & Genius,4.7,16..99,2023,"9,465 ratings",2023,289,en,Self-Help
Taylor Swift: A Little Golden Book Biography,Wendy Loggia,Popular,4.9,4..78,2023,"8,890 ratings",2023,15,en,Juvenile Nonfiction
The Four Agreements: A Practical Guide to Personal Freedom (A Toltec Wisdom Book),Don Miguel Ruiz,Personal Transformation,4.7,7..05,1997,"117,058 ratings",2023,161,en,Self-Help
Demon Copperhead: A Pulitzer Prize Winner,Barbara Kingsolver,Paranormal,4.6,17..10,2022,"131,383 ratings",2023,0,en,Fiction
"A Court of Thorns and Roses (A Court of Thorns and Roses, 1)",Sarah J. Maas,Paranormal,4.6,10..05,2024,"278,991 ratings",2023,751,en,Fiction
"Interesting Facts For Curious Minds: 1572 Random But Mind-Blowing Facts About History, Science, Pop Culture And Everything In Between",Jordan Moore,Quizzes,4.5,10..59,2022,"13,463 ratings",2023,0,en,
No Brainer (Diary of a Wimpy Kid #18) (Volume 18),Jeff Kinney,Boys & Men,4.8,1.67,2023,"10,832 ratings",2023,0,en,
I Love You to the Moon and Back,Amelia Hepworth,Multigenerational,4.9,4..42,2015,"77,667 ratings",2023,26,en,Juvenile Fiction
Dog Man: Twenty Thousand Fleas Under the Sea: A Graphic Novel (Dog Man #11): From the Creator of Captain Underpants,Dav Pilkey,Superheroes,4.8,8..27,2023,"9,600 ratings",2023,242,en,Juvenile Fiction
Things We Never Got Over (Knockemout),Lucy Score,Small Town & Rural,4.5,10..61,2024,"220,168 ratings",2023,556,en,Fiction
The Covenant of Water (Oprah's Book Club),Abraham Verghese,Medical,4.6,14..78,2023,"87,835 ratings",2023,703,en,Fiction
"Brown Bear, Brown Bear, What Do You See?",Bill Martin Jr.,Colors,4.9,5..36,1967,"54,413 ratings",2023,,en,
Baking Yesteryear: The Best Recipes from the 1900s to the 1980s,B. Dylan Hollis,Cakes,4.9,15..10,2023,"12,260 ratings",2023,658,en,Cooking
I Love You Like No Otter: A Funny and Sweet Board Book for Babies and Toddlers (Punderland),Rose Rossner,Parents,4.9,5..37,2020,"12,794 ratings",2023,26,en,Juvenile Fiction
The Women: A Novel,Kristin Hannah,Historical,4.7,15..80,2024,"262,292 ratings",2024,0,en,Fiction
"Onyx Storm (Deluxe Limited Edition) (The Empyrean, 3)",Rebecca Yarros,Epic,4.6,9.95,2025,"208,725 ratings",2024,,,Fiction
Atomic Habits: An Easy & Proven Way to Build Good Habits & Break Bad Ones,James Clear,Social Psychology & Interactions,4.8,14..20,2022,"139,860 ratings",2024,238,en,Non Fiction
Hillbilly Elegy: A Memoir of a Family and Culture in Crisis,J. D. Vance,State & Local,4.4,8..28,2017,"120,313 ratings",2024,270,en,Social Science
The Housemaid,Freida McFadden,Psychological,4.5,1..99,2022,"492,756 ratings",2024,0,es,Fiction
"Mom, I Want to Hear Your Story: A Mother’s Guided Journal To Share Her Life & Her Love (Hear Your Story Books)",Jeffrey Mason,Motherhood,4.7,11..95,2021,"16,353 ratings",2024,56,en,
"Dad, I Want to Hear Your Story: A Father’s Guided Journal To Share His Life & His Love (Hear Your Story Books)",Jeffrey Mason,Guided Journals,4.7,8..95,2020,"9,545 ratings",2024,0,en,Family & Relationships
The Anxious Generation: How the Great Rewiring of Childhood Is Causing an Epidemic of Mental Illness,Jonathan Haidt,Teenagers,4.6,22..39,2024,"7,520 ratings",2024,280,en,Psychology
It Ends with Us: A Novel (1),Colleen Hoover,"TV, Movie, Video Game Adaptations",4.7,9..03,2016,"395,938 ratings",2024,448,en,Fiction
Good Energy: The Surprising Connection Between Metabolism and Limitless Health,Casey Means MD,Longevity,4.6,16..92,2024,"3,643 ratings",2024,401,en,Health & Fitness
The 48 Laws of Power,Robert Greene,History & Theory,4.7,14..55,1998,"83,813 ratings",2024,497,en,Self-Help
"A Court of Thorns and Roses (A Court of Thorns and Roses, 1)",Sarah J. Maas,Paranormal,4.6,10..05,2024,"278,991 ratings",2024,751,en,Fiction
"Iron Flame (The Empyrean, 2)",Rebecca Yarros,Epic,4.7,2..99,2024,"331,433 ratings",2024,872,fr,Fiction
Dog Man: The Scarlet Shedder: A Graphic Novel (Dog Man #12): From the Creator of Captain Underpants,Dav Pilkey,Superheroes,4.8,6..79,2024,"8,003 ratings",2024,0,en,
The Housemaid's Secret,Freida McFadden,Psychological Thrillers,4.4,14..19,2023,"275,654 ratings",2024,0,en,Fiction
"Fourth Wing (The Empyrean, 1)",Rebecca Yarros,Fantasy,4.8,1..99,2023,"399,135 ratings",2024,620,fr,Fiction
Melania,Melania Trump,U.S. Presidents,4.5,21..98,2020,"9,997 ratings",2024,311,en,Biography & Autobiography
"The Body Keeps the Score: Brain, Mind, and Body in the Healing of Trauma",Bessel van der Kolk M.D.,Psychiatry,4.8,10..86,2019,"79,026 ratings",2024,465,en,Psychology
It Starts with Us: A Novel (It Ends with Us),Colleen Hoover,Divorce,4.5,8..64,2022,"216,773 ratings",2024,321,en,Fiction
"How To Draw Everything: 300 Drawings of Cute Stuff, Animals, Food, Gifts, and other Amazing Things | Book For Kids",Emma Greene,Drawing,4.7,10..90,2023,"3,493 ratings",2024,0,en,
"Hot Mess (Diary of a Wimpy Kid Book 19) (Diary of a Wimpy Kid, 19) (Volume 19)",Jeff Kinney,Multigenerational,4.7,2.22,2024,"3,962 ratings",2024,228,en,Juvenile Fiction
The Nightingale: A Novel,Kristin Hannah,World War II & Holocaust,4.7,6..78,2017,"358,966 ratings",2024,497,en,Fiction
The Housemaid Is Watching,Freida McFadden,Psychological,4.2,9..38,2024,"207,025 ratings",2024,0,en,Fiction
"Little Corner: Coloring Book for Adults and Teens, Super Cute Designs of Cozy, Hygge Spaces for Relaxation (Cozy Spaces Coloring)",Coco Wyo,Residential,4.7,7..99,2024,"6,077 ratings",2024,0,en,Games & Activities
"The Psychology of Money: Timeless lessons on wealth, greed, and happiness",Morgan Housel,Motivation & Self-Improvement,4.7,22..39,2020,"61,616 ratings",2024,256,en,Business & Economics
I Love You to the Moon and Back,Amelia Hepworth,Multigenerational,4.9,4..42,2015,"77,667 ratings",2024,26,en,Juvenile Fiction
"A Court of Thorns and Roses Paperback Box Set (5 books) (A Court of Thorns and Roses, 9)",Sarah J. Maas,Paranormal,4.8,36..05,2022,"44,642 ratings",2024,0,en,Fiction
Dog Man: Big Jim Begins: A Graphic Novel (Dog Man #13): From the Creator of Captain Underpants,Dav Pilkey,Superheroes,4.8,8..27,2024,"4,552 ratings",2024,226,en,Juvenile Fiction
The Four Agreements: A Practical Guide to Personal Freedom (A Toltec Wisdom Book),Don Miguel Ruiz,Personal Transformation,4.7,7..05,1997,"117,058 ratings",2024,161,en,Self-Help
Cozy Friends: Coloring Book for Adults and Teens Featuring Super Cute Animal Characters with Easy and Simple Designs for Relaxation,Coco Wyo,Animals,4.8,7..99,2024,"5,412 ratings",2024,0,en,Games & Activities
The Women: A Novel,Kristin Hannah,Historical,4.7,15..80,2024,"262,292 ratings",2024,0,en,Fiction
"Onyx Storm (Deluxe Limited Edition) (The Empyrean, 3)",Rebecca Yarros,Epic,4.6,6..99,2025,"208,725 ratings",2024,,,Fiction
Atomic Habits: An Easy & Proven Way to Build Good Habits & Break Bad Ones,James Clear,Social Psychology & Interactions,4.8,14..20,2022,"139,860 ratings",2024,238,en,Non Fiction
Hillbilly Elegy: A Memoir of a Family and Culture in Crisis,J. D. Vance,State & Local,4.4,8..28,2017,"120,313 ratings",2024,270,en,Social Science
The Housemaid,Freida McFadden,Psychological,4.5,1..99,2022,"492,756 ratings",2024,0,es,Fiction
"Mom, I Want to Hear Your Story: A Mother’s Guided Journal To Share Her Life & Her Love (Hear Your Story Books)",Jeffrey Mason,Motherhood,4.7,11..95,2021,"16,353 ratings",2024,56,en,
"Dad, I Want to Hear Your Story: A Father’s Guided Journal To Share His Life & His Love (Hear Your Story Books)",Jeffrey Mason,Guided Journals,4.7,8..95,2020,"9,545 ratings",2024,0,en,Family & Relationships
The Anxious Generation: How the Great Rewiring of Childhood Is Causing an Epidemic of Mental Illness,Jonathan Haidt,Teenagers,4.6,22..39,2024,"7,520 ratings",2024,280,en,Psychology
It Ends with Us: A Novel (1),Colleen Hoover,"TV, Movie, Video Game Adaptations",4.7,9..03,2016,"395,938 ratings",2024,448,en,Fiction
Good Energy: The Surprising Connection Between Metabolism and Limitless Health,Casey Means MD,Longevity,4.6,16..92,2024,"3,643 ratings",2024,401,en,Health & Fitness
The 48 Laws of Power,Robert Greene,History & Theory,4.7,14..55,1998,"83,813 ratings",2024,497,en,Self-Help
"A Court of Thorns and Roses (A Court of Thorns and Roses, 1)",Sarah J. Maas,Paranormal,4.6,10..05,2024,"278,991 ratings",2024,751,en,Fiction
"Iron Flame (The Empyrean, 2)",Rebecca Yarros,Epic,4.7,2..99,2024,"331,433 ratings",2024,872,fr,Fiction
Dog Man: The Scarlet Shedder: A Graphic Novel (Dog Man #12): From the Creator of Captain Underpants,Dav Pilkey,Superheroes,4.8,6..79,2024,"8,003 ratings",2024,0,en,
The Housemaid's Secret,Freida McFadden,Psychological Thrillers,4.4,14..19,2023,"275,654 ratings",2024,0,en,Fiction
"Fourth Wing (The Empyrean, 1)",Rebecca Yarros,Fantasy,4.8,1..99,2023,"399,135 ratings",2024,620,fr,Fiction
Melania,Melania Trump,U.S. Presidents,4.5,21..98,2020,"9,997 ratings",2024,311,en,Biography & Autobiography
"The Body Keeps the Score: Brain, Mind, and Body in the Healing of Trauma",Bessel van der Kolk M.D.,Psychiatry,4.8,10..86,2019,"79,026 ratings",2024,465,en,Psychology
It Starts with Us: A Novel (It Ends with Us),Colleen Hoover,Divorce,4.5,8..64,2022,"216,773 ratings",2024,321,en,Fiction
"How To Draw Everything: 300 Drawings of Cute Stuff, Animals, Food, Gifts, and other Amazing Things | Book For Kids",Emma Greene,Drawing,4.7,10..90,2023,"3,493 ratings",2024,0,en,
"Hot Mess (Diary of a Wimpy Kid Book 19) (Diary of a Wimpy Kid, 19) (Volume 19)",Jeff Kinney,Multigenerational,4.7,2.22,2024,"3,962 ratings",2024,228,en,Juvenile Fiction
The Nightingale: A Novel,Kristin Hannah,World War II & Holocaust,4.7,6..78,2017,"358,966 ratings",2024,497,en,Fiction
The Housemaid Is Watching,Freida McFadden,Psychological,4.2,9..38,2024,"207,025 ratings",2024,0,en,Fiction
"Little Corner: Coloring Book for Adults and Teens, Super Cute Designs of Cozy, Hygge Spaces for Relaxation (Cozy Spaces Coloring)",Coco Wyo,Residential,4.7,7..99,2024,"6,077 ratings",2024,0,en,Games & Activities
"The Psychology of Money: Timeless lessons on wealth, greed, and happiness",Morgan Housel,Motivation & Self-Improvement,4.7,22..39,2020,"61,616 ratings",2024,256,en,Business & Economics
I Love You to the Moon and Back,Amelia Hepworth,Multigenerational,4.9,4..42,2015,"77,667 ratings",2024,26,en,Juvenile Fiction
"A Court of Thorns and Roses Paperback Box Set (5 books) (A Court of Thorns and Roses, 9)",Sarah J. Maas,Paranormal,4.8,36..05,2022,"44,642 ratings",2024,0,en,Fiction
Dog Man: Big Jim Begins: A Graphic Novel (Dog Man #13): From the Creator of Captain Underpants,Dav Pilkey,Superheroes,4.8,8..27,2024,"4,552 ratings",2024,226,en,Juvenile Fiction
The Four Agreements: A Practical Guide to Personal Freedom (A Toltec Wisdom Book),Don Miguel Ruiz,Personal Transformation,4.7,7..05,1997,"117,058 ratings",2024,161,en,Self-Help
Cozy Friends: Coloring Book for Adults and Teens Featuring Super Cute Animal Characters with Easy and Simple Designs for Relaxation,Coco Wyo,Animals,4.8,7..99,2024,"5,412 ratings",2024,0,en,Games & Activities
The Let Them Theory: A Life-Changing Tool That Millions of People Can't Stop Talking About,Mel Robbins,Motivation & Self-Improvement,4.6,14..08,2024,"14,388 ratings",2025,337,en,Self-Help
Sunrise on the Reaping (A Hunger Games Novel) (The Hunger Games),Suzanne Collins,Science Fiction,4.8,19..17,2025,"40,294 ratings",2025,564,en,Juvenile Fiction
Forgotten Home Apothecary : 250 Powerful Remedies at Your Fingertips,Dr. Nicole Apelian,Reference,4.7,29..64,2024,"5,137 ratings",2025,0,en,House & Home
"Onyx Storm (Deluxe Limited Edition) (The Empyrean, 3)",Rebecca Yarros,Epic,4.6,5..99,2025,"208,725 ratings",2025,,,Fiction
INNER EXCELLENCE: Train Your Mind for Extraordinary Performance and the Best Possible life,JIM MURPHY,Medicine & Psychology,4.7,13..51,2020,"2,068 ratings",2025,251,en,Self-Help
Atomic Habits: An Easy & Proven Way to Build Good Habits & Break Bad Ones,James Clear,Social Psychology & Interactions,4.8,14..20,2022,"139,860 ratings",2025,238,en,Non Fiction
The Housemaid,Freida McFadden,Psychological,4.5,1..99,2022,"492,756 ratings",2025,0,es,Fiction
Girl Moments: Coloring Book for Adults and Teens Featuring Cute Cozy Daily Activities for Relaxation (Cozy Spaces Coloring),Coco Wyo,Fashion,4.8,7..99,2024,"4,164 ratings",2025,0,en,Games & Activities
Cozy Friends: Coloring Book for Adults and Teens Featuring Super Cute Animal Characters with Easy and Simple Designs for Relaxation,Coco Wyo,Animals,4.8,7..99,2024,"5,412 ratings",2025,0,en,Games & Activities
The Frozen River: A GMA Book Club Pick: A Novel,Ariel Lawhon,Biographical,4.6,13..31,2024,"67,725 ratings",2025,449,en,Fiction
"Little Corner: Coloring Book for Adults and Teens, Super Cute Designs of Cozy, Hygge Spaces for Relaxation (Cozy Spaces Coloring)",Coco Wyo,Residential,4.7,7..99,2024,"6,077 ratings",2025,0,en,Games & Activities
"Onyx Storm (Standard Edition) (The Empyrean, 3)",Rebecca Yarros,Epic,4.6,19..09,2025,"208,725 ratings",2025,,,Fiction
The Anxious Generation: How the Great Rewiring of Childhood Is Causing an Epidemic of Mental Illness,Jonathan Haidt,Teenagers,4.6,22..39,2024,"7,520 ratings",2025,280,en,Psychology
The Nightingale: A Novel,Kristin Hannah,World War II & Holocaust,4.7,6..78,2017,"358,966 ratings",2025,497,en,Fiction
"Stress Relief: Coloring Book for Adults and Kids, Bold and Easy, Simple and Big Designs for Relaxation Featuring Animals, Landscape, Flowers, Patterns, Cute Things And Many More (Bold & Easy Coloring)",Coco Wyo,Coloring Books,4.8,7..99,2024,"3,868 ratings",2025,0,en,Games & Activities
The Women: A Novel,Kristin Hannah,Historical,4.7,15..80,2024,"262,292 ratings",2025,0,en,Fiction
The Crash,Freida McFadden,Kidnapping,4.2,10..99,1955,"114,026 ratings",2025,0,en,Fiction
"Iron Flame (The Empyrean, 2)",Rebecca Yarros,Epic,4.7,2..99,2024,"331,433 ratings",2025,872,fr,Fiction
"My First Learn-to-Write Workbook: Practice for Kids with Pen Control, Line Tracing, Letters, and More!",Crystal Radke,Handwriting,4.8,5..26,2021,"86,552 ratings",2025,0,en,Juvenile Nonfiction
I Love You Like No Otter: A Funny and Sweet Board Book for Babies and Toddlers (Punderland),Rose Rossner,Parents,4.9,5..37,2020,"12,794 ratings",2025,26,en,Juvenile Fiction
"The Body Keeps the Score: Brain, Mind, and Body in the Healing of Trauma",Bessel van der Kolk M.D.,Psychiatry,4.8,10..86,2019,"79,026 ratings",2025,465,en,Psychology
Fahrenheit 451,Ray Bradbury,Censorship,4.6,9..05,1953,"55,114 ratings",2025,160,es,Comics & Graphic Novels
The Housemaid's Secret,Freida McFadden,Psychological Thrillers,4.4,14..19,2023,"275,654 ratings",2025,0,en,Fiction
James: A Novel,Percival Everett,Historical,4.6,17..97,2017,"64,350 ratings",2025,0,en,Fiction
1984: 75th Anniversary,George Orwell,Censorship,4.6,9..78,1984,"117,010 ratings",2025,308,en,Fiction
Dog Man: Big Jim Begins: A Graphic Novel (Dog Man #13): From the Creator of Captain Underpants,Dav Pilkey,Superheroes,4.8,4.50,2024,"4,552 ratings",2025,226,en,Juvenile Fiction
The God of the Woods: A Novel,Liz Moore,Family Life,4.4,17..00,2024,"72,782 ratings",2025,497,en,Fiction
The Very Hungry Caterpillar,Eric Carle,Counting,4.9,5..75,1969,"76,705 ratings",2025,30,en,Juvenile Fiction
"The Psychology of Money: Timeless lessons on wealth, greed, and happiness",Morgan Housel,Motivation & Self-Improvement,4.7,22..39,2020,"61,616 ratings",2025,256,en,Business & Economics
The Wedding People: A Novel,Alison Espach,Family Life,4.3,18..37,2024,"75,793 ratings",2025,347,en,Fiction
The Let Them Theory: A Life-Changing Tool That Millions of People Can't Stop Talking About,Mel Robbins,Motivation & Self-Improvement,4.6,14..08,2024,"14,388 ratings",2025,337,en,Self-Help
Sunrise on the Reaping (A Hunger Games Novel) (The Hunger Games),Suzanne Collins,Science Fiction,4.8,19..17,2025,"40,294 ratings",2025,564,en,Juvenile Fiction
Forgotten Home Apothecary : 250 Powerful Remedies at Your Fingertips,Dr. Nicole Apelian,Reference,4.7,27..97,2024,"5,137 ratings",2025,0,en,House & Home
"Onyx Storm (Deluxe Limited Edition) (The Empyrean, 3)",Rebecca Yarros,Epic,4.6,9.95,2025,"208,725 ratings",2025,,,Fiction
INNER EXCELLENCE: Train Your Mind for Extraordinary Performance and the Best Possible life,JIM MURPHY,Medicine & Psychology,4.7,16..45,2020,"2,068 ratings",2025,251,en,Self-Help
Atomic Habits: An Easy & Proven Way to Build Good Habits & Break Bad Ones,James Clear,Social Psychology & Interactions,4.8,14..20,2022,"139,860 ratings",2025,238,en,Non Fiction
The Housemaid,Freida McFadden,Psychological,4.5,1..99,2022,"492,756 ratings",2025,0,es,Fiction
Girl Moments: Coloring Book for Adults and Teens Featuring Cute Cozy Daily Activities for Relaxation (Cozy Spaces Coloring),Coco Wyo,Fashion,4.8,7..99,2024,"4,164 ratings",2025,0,en,Games & Activities
Cozy Friends: Coloring Book for Adults and Teens Featuring Super Cute Animal Characters with Easy and Simple Designs for Relaxation,Coco Wyo,Animals,4.8,7..99,2024,"5,412 ratings",2025,0,en,Games & Activities
The Frozen River: A GMA Book Club Pick: A Novel,Ariel Lawhon,Biographical,4.6,13..31,2024,"67,725 ratings",2025,449,en,Fiction
"Little Corner: Coloring Book for Adults and Teens, Super Cute Designs of Cozy, Hygge Spaces for Relaxation (Cozy Spaces Coloring)",Coco Wyo,Residential,4.7,7..99,2024,"6,077 ratings",2025,0,en,Games & Activities
"Onyx Storm (Standard Edition) (The Empyrean, 3)",Rebecca Yarros,Epic,4.6,19..09,2025,"208,725 ratings",2025,,,Fiction
The Anxious Generation: How the Great Rewiring of Childhood Is Causing an Epidemic of Mental Illness,Jonathan Haidt,Teenagers,4.6,22..39,2024,"7,520 ratings",2025,280,en,Psychology
The Nightingale: A Novel,Kristin Hannah,World War II & Holocaust,4.7,6..78,2017,"358,966 ratings",2025,497,en,Fiction
"Stress Relief: Coloring Book for Adults and Kids, Bold and Easy, Simple and Big Designs for Relaxation Featuring Animals, Landscape, Flowers, Patterns, Cute Things And Many More (Bold & Easy Coloring)",Coco Wyo,Coloring Books,4.8,7..99,2024,"3,868 ratings",2025,0,en,Games & Activities
The Women: A Novel,Kristin Hannah,Historical,4.7,15..80,2024,"262,292 ratings",2025,0,en,Fiction
The Crash,Freida McFadden,Kidnapping,4.2,10..99,1955,"114,026 ratings",2025,0,en,Fiction
"Iron Flame (The Empyrean, 2)",Rebecca Yarros,Epic,4.7,2..99,2024,"331,433 ratings",2025,872,fr,Fiction
"My First Learn-to-Write Workbook: Practice for Kids with Pen Control, Line Tracing, Letters, and More!",Crystal Radke,Handwriting,4.8,5..26,2021,"86,552 ratings",2025,0,en,Juvenile Nonfiction
I Love You Like No Otter: A Funny and Sweet Board Book for Babies and Toddlers (Punderland),Rose Rossner,Parents,4.9,5..37,2020,"12,794 ratings",2025,26,en,Juvenile Fiction
"The Body Keeps the Score: Brain, Mind, and Body in the Healing of Trauma",Bessel van der Kolk M.D.,Psychiatry,4.8,10..86,2019,"79,026 ratings",2025,465,en,Psychology
Fahrenheit 451,Ray Bradbury,Censorship,4.6,9..05,1953,"55,114 ratings",2025,160,es,Comics & Graphic Novels
The Housemaid's Secret,Freida McFadden,Psychological Thrillers,4.4,14..19,2023,"275,654 ratings",2025,0,en,Fiction
James: A Novel,Percival Everett,Historical,4.6,17..97,2017,"64,350 ratings",2025,0,en,Fiction
1984: 75th Anniversary,George Orwell,Censorship,4.6,9..78,1984,"117,010 ratings",2025,308,en,Fiction
Dog Man: Big Jim Begins: A Graphic Novel (Dog Man #13): From the Creator of Captain Underpants,Dav Pilkey,Superheroes,4.8,7..14,2024,"4,552 ratings",2025,226,en,Juvenile Fiction
The God of the Woods: A Novel,Liz Moore,Family Life,4.4,17..00,2024,"72,782 ratings",2025,497,en,Fiction
The Very Hungry Caterpillar,Eric Carle,Counting,4.9,5..75,1969,"76,705 ratings",2025,30,en,Juvenile Fiction
"The Psychology of Money: Timeless lessons on wealth, greed, and happiness",Morgan Housel,Motivation & Self-Improvement,4.7,22..39,2020,"61,616 ratings",2025,256,en,Business & Economics
The Wedding People: A Novel,Alison Espach,Family Life,4.3,18..37,2024,"75,793 ratings",2025,347,en,Fiction
